Timestamp,15IDC:D1Dmm_calc.VAL
2026/09/24 05:46:18.984,0.9617012741652021
2026/09/24 05:46:28.984,0.9627839806678384
2026/09/24 05:46:38.984,0.9607355729349737
2026/09/24 05:46:48.984,0.9618904622144112
2026/09/24 05:46:58.984,0.9616543198594024
2026/09/24 05:47:09.001,0.9605350685413006
2026/09/24 05:47:18.984,0.961323553602812
2026/09/24 05:47:28.984,0.9632997328646749
2026/09/24 05:47:39.001,0.9621009736379614
2026/09/24 05:47:48.984,0.9607119173989456
2026/09/24 05:47:59.001,0.9616531265377856
2026/09/24 05:48:08.984,0.95967558172232
2026/09/24 05:48:18.984,0.9610401757469246
2026/09/24 05:48:28.984,0.9588383637961336
2026/09/24 05:48:38.984,0.9615971247803164
2026/09/24 05:48:49.001,0.9609933251318102
2026/09/24 05:48:58.984,0.9581074692442884
2026/09/24 05:49:08.984,0.9603351476274166
2026/09/24 05:49:18.984,0.9608056045694202
2026/09/24 05:49:29.001,0.9608061950790862
2026/09/24 05:49:38.984,0.9639141827768015
2026/09/24 05:49:48.984,0.9619339859402462
2026/09/24 05:49:58.984,0.9615711282952549
2026/09/24 05:50:08.984,0.960287639718805
2026/09/24 05:50:18.984,0.9608657891036908
2026/09/24 05:50:28.984,0.9622058822495607
2026/09/24 05:50:38.984,0.962829963093146
2026/09/24 05:50:49.001,0.9613702337434096
2026/09/24 05:50:58.984,0.9601241423550089
2026/09/24 05:51:08.984,0.9619243075571178
2026/09/24 05:51:18.984,0.9607938927943762
2026/09/24 05:51:28.984,0.9603340456942004
2026/09/24 05:51:38.984,0.9608150263620387
2026/09/24 05:51:48.984,0.9610875940246046
2026/09/24 05:51:58.984,0.962912992970123
2026/09/24 05:52:08.984,0.961877544815466
2026/09/24 05:52:18.984,0.9622762161687172
2026/09/24 05:52:28.984,0.9615709912126539
2026/09/24 05:52:38.984,0.9613225377855888
2026/09/24 05:52:48.984,0.9609452706502636
2026/09/24 05:52:58.984,0.9601449525483304
2026/09/24 05:53:08.984,0.9612653374340949
2026/09/24 05:53:18.984,0.9584029683655536
2026/09/24 05:53:28.984,0.9617953128295256
2026/09/24 05:53:38.984,0.9612522442882251
2026/09/24 05:53:49.001,0.9627242934973639
2026/09/24 05:53:58.984,0.9597813848857645
2026/09/24 05:54:08.984,0.9618183286467488
2026/09/24 05:54:18.984,0.9601934463971881
2026/09/24 05:54:28.984,0.9607347644991213
2026/09/24 05:54:38.984,0.9621012108963094
2026/09/24 05:54:48.984,0.9613704323374341
2026/09/24 05:54:58.984,0.9608638963093147
2026/09/24 05:55:08.984,0.9613242249560633
2026/09/24 05:55:18.984,0.9600985764499123
2026/09/24 05:55:28.984,0.9609473813708261
2026/09/24 05:55:38.984,0.9604061335676627
2026/09/24 05:55:48.984,0.9599599297012302
2026/09/24 05:55:58.984,0.9601826818980669
2026/09/24 05:56:08.984,0.9606179402460457
2026/09/24 05:56:18.984,0.9612424622144115
2026/09/24 05:56:28.984,0.9610046660808437
2026/09/24 05:56:38.984,0.9622771810193322
2026/09/24 05:56:49.001,0.9610530984182778
2026/09/24 05:56:58.984,0.9619595043936732
2026/09/24 05:57:08.984,0.9611350193321618
2026/09/24 05:57:18.984,0.9605944534270652
2026/09/24 05:57:28.984,0.9612402179261864
2026/09/24 05:57:38.984,0.9604526643233744
2026/09/24 05:57:48.984,0.961169567662566
2026/09/24 05:57:58.984,0.9603001493848858
2026/09/24 05:58:08.984,0.9592971546572936
2026/09/24 05:58:18.984,0.9614544551845343
2026/09/24 05:58:29.001,0.960568509666081
2026/09/24 05:58:38.984,0.9601343831282954
2026/09/24 05:58:48.984,0.961078367311072
2026/09/24 05:58:58.984,0.9614414551845344
2026/09/24 05:59:08.984,0.9621488998242531
2026/09/24 05:59:18.984,0.960416848857645
2026/09/24 05:59:28.984,0.9590716291739895
2026/09/24 05:59:38.984,0.9593587820738138
2026/09/24 05:59:48.984,0.9594018752196838
2026/09/24 05:59:58.984,0.9587808365553603
2026/09/24 06:00:09.001,0.9590045676625659
2026/09/24 06:00:18.984,0.9589922372583481
2026/09/24 06:00:28.984,0.9592280351493849
2026/09/24 06:00:38.984,0.9590502478031635
2026/09/24 06:00:48.984,0.961241035149385
2026/09/24 06:00:58.984,0.9593684112478033
2026/09/24 06:01:09.004,0.9593923304042181
2026/09/24 06:01:19.004,0.9590034850615115
2026/09/24 06:01:29.004,0.9583783760984185
2026/09/24 06:01:39.004,0.9577076801405976
2026/09/24 06:01:49.004,0.9582853391915643
2026/09/24 06:01:59.004,0.9604997803163445
2026/09/24 06:02:09.020,0.9614670000000001
2026/09/24 06:02:18.987,0.9583216502636205
2026/09/24 06:02:28.987,0.9602629964850616
2026/09/24 06:02:38.987,0.9595471616871707
2026/09/24 06:02:48.987,0.9588860861159931
2026/09/24 06:02:58.987,0.9584643673110721
2026/09/24 06:03:08.987,0.95770848857645
2026/09/24 06:03:18.987,0.9592515342706504
2026/09/24 06:03:28.987,0.9599577521968367
2026/09/24 06:03:38.987,0.9588606537785589
2026/09/24 06:03:48.987,0.9600617627416521
2026/09/24 06:03:58.987,0.9581784288224957
2026/09/24 06:04:09.004,0.9585218927943762
2026/09/24 06:04:18.987,0.9603585852372584
2026/09/24 06:04:28.987,0.9602291546572935
2026/09/24 06:04:38.987,0.9599109683655538
2026/09/24 06:04:48.987,0.959758114235501
2026/09/24 06:04:58.987,0.9607354868189807
2026/09/24 06:05:09.004,0.9599449753954307
2026/09/24 06:05:18.987,0.9592522618629175
2026/09/24 06:05:29.004,0.9608046959578209
2026/09/24 06:05:38.987,0.961442695957821
2026/09/24 06:05:48.987,0.957779934973638
2026/09/24 06:05:58.987,0.9595225729349738
2026/09/24 06:06:08.987,0.9597105782073814
2026/09/24 06:06:18.987,0.959345265377856
2026/09/24 06:06:28.987,0.9588380702987699
2026/09/24 06:06:38.987,0.9613585377855889
2026/09/24 06:06:48.987,0.9604033057996485
2026/09/24 06:06:58.987,0.9606549050966608
2026/09/24 06:07:08.987,0.958275309314587
2026/09/24 06:07:18.987,0.9590635325131812
2026/09/24 06:07:28.987,0.9593451458699473
2026/09/24 06:07:38.987,0.9589339121265378
2026/09/24 06:07:48.987,0.959958007029877
2026/09/24 06:07:58.987,0.9584501177504394
2026/09/24 06:08:08.987,0.9604619525483304
2026/09/24 06:08:19.004,0.9600626625659052
2026/09/24 06:08:28.987,0.9593332847100176
2026/09/24 06:08:38.987,0.9601558084358525
2026/09/24 06:08:49.004,0.959673409490334
2026/09/24 06:08:58.987,0.960995481546573
2026/09/24 06:09:08.987,0.9581336678383129
2026/09/24 06:09:18.987,0.9586263620386644
2026/09/24 06:09:28.987,0.9583092021089632
2026/09/24 06:09:38.987,0.9585220702987699
2026/09/24 06:09:48.987,0.9589567996485061
2026/09/24 06:09:59.004,0.9596143462214412
2026/09/24 06:10:08.987,0.9585562284710017
2026/09/24 06:10:18.987,0.9580392495606328
2026/09/24 06:10:28.987,0.95888527943761
2026/09/24 06:10:38.987,0.9598167803163447
2026/09/24 06:10:48.987,0.9577304692442883
2026/09/24 06:10:58.987,0.9574726432337435
2026/09/24 06:11:08.987,0.9570033057996485
2026/09/24 06:11:18.987,0.9590276080843585
2026/09/24 06:11:28.987,0.9589206449912127
2026/09/24 06:11:38.987,0.957636776801406
2026/09/24 06:11:48.987,0.9577091247803163
2026/09/24 06:11:58.987,0.9580860755711775
2026/09/24 06:12:08.987,0.9574370158172233
2026/09/24 06:12:18.987,0.9583188910369069
2026/09/24 06:12:28.987,0.958318165202109
2026/09/24 06:12:38.987,0.9574028137082602
2026/09/24 06:12:48.987,0.9575920790861161
2026/09/24 06:12:58.987,0.9586049173989455
2026/09/24 06:13:08.987,0.958863272407733
2026/09/24 06:13:18.987,0.9588743339191564
2026/09/24 06:13:28.987,0.9574019824253076
2026/09/24 06:13:38.987,0.9564495272407734
2026/09/24 06:13:48.987,0.9577438260105449
2026/09/24 06:13:58.987,0.9570257082601056
2026/09/24 06:14:08.987,0.9564132355008789
2026/09/24 06:14:18.987,0.958284942003515
2026/09/24 06:14:28.987,0.9575930738137084
2026/09/24 06:14:38.987,0.9571912636203869
2026/09/24 06:14:48.987,0.9567308717047452
2026/09/24 06:14:58.987,0.9576736625659052
2026/09/24 06:15:08.987,0.9580026695957822
2026/09/24 06:15:19.004,0.9562718014059755
2026/09/24 06:15:28.987,0.95844918629174
2026/09/24 06:15:38.987,0.9575321476274166
2026/09/24 06:15:48.987,0.9578497152899824
2026/09/24 06:15:58.987,0.9569551247803165
2026/09/24 06:16:08.987,0.9568482284710018
2026/09/24 06:16:18.987,0.9578259244288226
2026/09/24 06:16:28.987,0.9575097293497364
2026/09/24 06:16:38.987,0.9567653690685413
2026/09/24 06:16:48.987,0.9578024393673111
2026/09/24 06:16:58.987,0.9574365430579965
2026/09/24 06:17:08.987,0.9578390456942005
2026/09/24 06:17:18.987,0.9566140738137084
2026/09/24 06:17:29.004,0.9563884833040422
2026/09/24 06:17:38.987,0.9554116801405976
2026/09/24 06:17:48.987,0.9587194569420036
2026/09/24 06:17:58.987,0.9579310246045696
2026/09/24 06:18:08.987,0.9581893093145871
2026/09/24 06:18:19.008,0.9574739736379614
2026/09/24 06:18:29.008,0.958309035149385
2026/09/24 06:18:39.008,0.9567207539543059
2026/09/24 06:18:49.008,0.9563886801405976
2026/09/24 06:18:59.008,0.9569435395430581
2026/09/24 06:19:09.008,0.9566478998242531
2026/09/24 06:19:19.008,0.9573650808435854
2026/09/24 06:19:29.008,0.9575203602811952
2026/09/24 06:19:39.008,0.9567313567662566
2026/09/24 06:19:49.008,0.9570013145869948
2026/09/24 06:19:59.008,0.9563291792618629
2026/09/24 06:20:09.008,0.9574479648506152
2026/09/24 06:20:19.025,0.9573312056239016
2026/09/24 06:20:29.008,0.9564490650263621
2026/09/24 06:20:39.008,0.9576597381370827
2026/09/24 06:20:49.008,0.9560725694200353
2026/09/24 06:20:59.008,0.9549183602811951
2026/09/24 06:21:09.008,0.9541769261862919
2026/09/24 06:21:19.008,0.9555195149384886
2026/09/24 06:21:29.008,0.9569454973637963
2026/09/24 06:21:39.008,0.9576263550087876
2026/09/24 06:21:49.008,0.9570248224956064
2026/09/24 06:21:59.008,0.9553290000000001
2026/09/24 06:22:09.008,0.9562141177504394
2026/09/24 06:22:19.008,0.9570254868189807
2026/09/24 06:22:29.008,0.9572720773286468
2026/09/24 06:22:39.008,0.9568973216168717
2026/09/24 06:22:49.008,0.9560354604569421
2026/09/24 06:22:59.008,0.9573190052724078
2026/09/24 06:23:09.008,0.9554106801405976
2026/09/24 06:23:19.008,0.9562248224956065
2026/09/24 06:23:29.008,0.9551286871704747
2026/09/24 06:23:39.025,0.9567918594024606
2026/09/24 06:23:49.008,0.9568012794376098
2026/09/24 06:23:59.008,0.955624876977153
2026/09/24 06:24:09.008,0.9541881036906855
2026/09/24 06:24:19.008,0.9566827627416521
2026/09/24 06:24:29.008,0.9581072161687171
2026/09/24 06:24:39.008,0.9545181195079088
2026/09/24 06:24:49.008,0.9568480878734623
2026/09/24 06:24:59.008,0.9577807346221442
2026/09/24 06:25:09.025,0.9550834112478033
2026/09/24 06:25:19.008,0.9561911792618629
2026/09/24 06:25:29.008,0.9561184956063269
2026/09/24 06:25:39.008,0.954364920913884
2026/09/24 06:25:49.008,0.9563893479789104
2026/09/24 06:25:59.008,0.9556620140597542
2026/09/24 06:26:09.008,0.9554710984182777
2026/09/24 06:26:19.008,0.9552940175746926
2026/09/24 06:26:29.025,0.955364848857645
2026/09/24 06:26:39.008,0.9552951652021091
2026/09/24 06:26:49.008,0.9560371827768015
2026/09/24 06:26:59.008,0.9556707188049209
2026/09/24 06:27:09.008,0.9554574007029878
2026/09/24 06:27:19.008,0.9548700984182777
2026/09/24 06:27:29.008,0.9550830826010546
2026/09/24 06:27:39.008,0.9534073532513183
2026/09/24 06:27:49.008,0.9558491810193324
2026/09/24 06:27:59.008,0.9534116942003517
2026/09/24 06:28:09.008,0.9554116291739896
2026/09/24 06:28:19.008,0.954178179261863
2026/09/24 06:28:29.008,0.9544214323374342
2026/09/24 06:28:39.008,0.9547514727592268
2026/09/24 06:28:49.008,0.9558611019332164
2026/09/24 06:28:59.008,0.955177690685413
2026/09/24 06:29:09.008,0.9539994868189808
2026/09/24 06:29:19.008,0.952869265377856
2026/09/24 06:29:29.008,0.9541294622144112
2026/09/24 06:29:39.008,0.9542333128295255
2026/09/24 06:29:49.008,0.9559044059753956
2026/09/24 06:29:59.008,0.9535892917398947
2026/09/24 06:30:09.008,0.9535391880492092
2026/09/24 06:30:19.008,0.9530695817223199
2026/09/24 06:30:29.008,0.953966258347979
2026/09/24 06:30:39.008,0.9537521546572936
2026/09/24 06:30:49.008,0.954599379613357
2026/09/24 06:30:59.008,0.9531168804920914
2026/09/24 06:31:09.008,0.953493172231986
2026/09/24 06:31:19.008,0.9529407047451671
2026/09/24 06:31:29.025,0.9539761230228472
2026/09/24 06:31:39.008,0.9536814920913884
2026/09/24 06:31:49.008,0.9532928084358524
2026/09/24 06:31:59.008,0.9540342021089632
2026/09/24 06:32:09.008,0.954115495606327
2026/09/24 06:32:19.008,0.952917725834798
2026/09/24 06:32:29.008,0.9535164639718806
2026/09/24 06:32:39.008,0.953033237258348
2026/09/24 06:32:49.008,0.954423467486819
2026/09/24 06:32:59.008,0.9525622161687172
2026/09/24 06:33:09.008,0.9528679771529
2026/09/24 06:33:19.008,0.9525049209138841
2026/09/24 06:33:29.008,0.9531290158172233
2026/09/24 06:33:39.008,0.9538337803163446
2026/09/24 06:33:49.008,0.9514572741652022
2026/09/24 06:33:59.008,0.9508911195079086
2026/09/24 06:34:09.008,0.9534440210896309
2026/09/24 06:34:19.025,0.9539171493848858
2026/09/24 06:34:29.008,0.9524807029876977
2026/09/24 06:34:39.008,0.9516685254833042
2026/09/24 06:34:49.008,0.9546717574692445
2026/09/24 06:34:59.025,0.9533614692442882
2026/09/24 06:35:09.008,0.9524914393673111
2026/09/24 06:35:19.008,0.952585855887522
2026/09/24 06:35:29.045,0.9542941335676627
2026/09/24 06:35:39.028,0.9519395008787347
2026/09/24 06:35:49.028,0.9527647504393674
2026/09/24 06:35:59.028,0.9518094833040424
2026/09/24 06:36:09.028,0.9516217065026363
2026/09/24 06:36:19.028,0.9516784868189808
2026/09/24 06:36:29.028,0.9520212179261864
2026/09/24 06:36:39.028,0.9531620123022848
2026/09/24 06:36:49.028,0.9506788347978911
2026/09/24 06:36:59.028,0.9513632214411248
2026/09/24 06:37:09.028,0.9533973374340949
2026/09/24 06:37:19.028,0.9516797750439369
2026/09/24 06:37:29.045,0.953211725834798
2026/09/24 06:37:39.028,0.951408460456942
2026/09/24 06:37:49.028,0.9520804674868191
2026/09/24 06:37:59.045,0.9521268365553605
2026/09/24 06:38:09.045,0.9492190773286469
2026/09/24 06:38:19.028,0.9503723040421793
2026/09/24 06:38:29.028,0.953621344463972
2026/09/24 06:38:39.028,0.9512206520210897
2026/09/24 06:38:49.028,0.9517273813708261
2026/09/24 06:38:59.028,0.951890949033392
2026/09/24 06:39:09.045,0.9516552179261865
2026/09/24 06:39:19.028,0.951973927943761
2026/09/24 06:39:29.028,0.9517742249560633
2026/09/24 06:39:39.028,0.9513027012302285
2026/09/24 06:39:49.028,0.9516788594024604
2026/09/24 06:39:59.028,0.9515280913884009
2026/09/24 06:40:09.028,0.9498670017574693
2026/09/24 06:40:19.045,0.9512456836555362
2026/09/24 06:40:29.028,0.952280704745167
2026/09/24 06:40:39.028,0.9510207012302286
2026/09/24 06:40:49.045,0.9512309297012302
2026/09/24 06:40:59.028,0.9515849244288227
2026/09/24 06:41:09.028,0.9506208084358525
2026/09/24 06:41:19.045,0.9494897574692444
2026/09/24 06:41:29.028,0.9499954428822496
2026/09/24 06:41:39.045,0.9489015782073815
2026/09/24 06:41:49.028,0.9499723725834799
2026/09/24 06:41:59.045,0.9505369086115993
2026/09/24 06:42:09.028,0.9503026326889279
2026/09/24 06:42:19.028,0.9515372548330405
2026/09/24 06:42:29.028,0.9499851107205625
2026/09/24 06:42:39.028,0.9522338681898067
2026/09/24 06:42:49.028,0.9512195202108964
2026/09/24 06:42:59.028,0.9498663567662567
2026/09/24 06:43:09.028,0.9505954657293498
2026/09/24 06:43:19.045,0.9503492495606328
2026/09/24 06:43:29.028,0.9488073971880493
2026/09/24 06:43:39.028,0.9509839771528998
2026/09/24 06:43:49.028,0.9511372267135325
2026/09/24 06:43:59.028,0.9498207293497365
2026/09/24 06:44:09.028,0.9505724692442883
2026/09/24 06:44:19.028,0.9500904112478032
2026/09/24 06:44:29.028,0.9519733690685414
2026/09/24 06:44:39.045,0.9511486326889279
2026/09/24 06:44:49.028,0.9507268910369069
2026/09/24 06:44:59.028,0.9509251528998244
2026/09/24 06:45:09.045,0.9498907469244289
2026/09/24 06:45:19.045,0.9475480544815467
2026/09/24 06:45:29.045,0.9495944622144114
2026/09/24 06:45:39.028,0.9490193110720564
2026/09/24 06:45:49.028,0.9502772653778558
2026/09/24 06:45:59.028,0.9491490123022849
2026/09/24 06:46:09.045,0.9504190000000001
2026/09/24 06:46:19.028,0.9482774323374341
2026/09/24 06:46:29.028,0.9491600790861161
2026/09/24 06:46:39.028,0.9489712021089632
2026/09/24 06:46:49.045,0.9495248189806679
2026/09/24 06:46:59.028,0.9490196203866433
2026/09/24 06:47:09.028,0.9487969982425309
2026/09/24 06:47:19.028,0.9506077750439368
2026/09/24 06:47:29.045,0.9485714903339193
2026/09/24 06:47:39.028,0.9499252741652022
2026/09/24 06:47:49.028,0.9488891898066785
2026/09/24 06:47:59.028,0.9493019982425309
2026/09/24 06:48:09.028,0.949136927943761
2026/09/24 06:48:19.028,0.9482191757469246
2026/09/24 06:48:29.028,0.9488439894551846
2026/09/24 06:48:39.028,0.9483228769771529
2026/09/24 06:48:49.028,0.9495141616871706
2026/09/24 06:48:59.028,0.9487468347978911
2026/09/24 06:49:09.028,0.9476762688927945
2026/09/24 06:49:19.028,0.9488071652021091
2026/09/24 06:49:29.028,0.9477017592267136
2026/09/24 06:49:39.028,0.9481475887521968
2026/09/24 06:49:49.028,0.9489381089630933
2026/09/24 06:49:59.028,0.9492305764499123
2026/09/24 06:50:09.028,0.94777120913884
2026/09/24 06:50:19.028,0.9495839455184535
2026/09/24 06:50:29.028,0.9481237609841829
2026/09/24 06:50:39.045,0.9472286959578209
2026/09/24 06:50:49.028,0.9487827240773287
2026/09/24 06:50:59.028,0.9468847381370827
2026/09/24 06:51:09.028,0.9487481616871707
2026/09/24 06:51:19.028,0.9486533690685415
2026/09/24 06:51:29.028,0.9487726731107208
2026/09/24 06:51:39.028,0.9480182811950792
2026/09/24 06:51:49.028,0.947324970123023
2026/09/24 06:51:59.028,0.9490435166959579
2026/09/24 06:52:09.028,0.9472645817223199
2026/09/24 06:52:19.028,0.9473936168717048
2026/09/24 06:52:29.028,0.9487599718804921
2026/09/24 06:52:39.065,0.9464051441124782
2026/09/24 06:52:49.048,0.9470391177504394
2026/09/24 06:52:59.065,0.9466508137082601
2026/09/24 06:53:09.048,0.9480417574692444
2026/09/24 06:53:19.048,0.9468404253075573
2026/09/24 06:53:29.048,0.9474174692442883
2026/09/24 06:53:39.048,0.9478757715289983
2026/09/24 06:53:49.048,0.9462881195079088
2026/09/24 06:53:59.048,0.947349049209139
2026/09/24 06:54:09.048,0.9476287451669596
2026/09/24 06:54:19.048,0.9479122249560634
2026/09/24 06:54:29.048,0.9460399876977154
2026/09/24 06:54:39.048,0.947241632688928
2026/09/24 06:54:49.048,0.9472507609841829
2026/09/24 06:54:59.048,0.9471694288224957
2026/09/24 06:55:09.048,0.9463459789103692
2026/09/24 06:55:19.048,0.9472406555360283
2026/09/24 06:55:29.065,0.9474656731107206
2026/09/24 06:55:39.048,0.9469811599297013
2026/09/24 06:55:49.048,0.9484987891036908
2026/09/24 06:55:59.065,0.9479125834797891
2026/09/24 06:56:09.048,0.9451319209138842
2026/09/24 06:56:19.048,0.9471842776801406
2026/09/24 06:56:29.065,0.9461326959578208
2026/09/24 06:56:39.048,0.9462756924428823
2026/09/24 06:56:49.048,0.9466391124780317
2026/09/24 06:56:59.048,0.9467094112478032
2026/09/24 06:57:09.048,0.9466973128295255
2026/09/24 06:57:19.048,0.9466182460456942
2026/09/24 06:57:29.048,0.9448278435852373
2026/09/24 06:57:39.065,0.9459337170474518
2026/09/24 06:57:49.048,0.945087172231986
2026/09/24 06:57:59.048,0.9460411616871706
2026/09/24 06:58:09.048,0.9461217785588752
2026/09/24 06:58:19.048,0.9474284463971882
2026/09/24 06:58:29.048,0.9467218154657293
2026/09/24 06:58:39.048,0.9468424622144113
2026/09/24 06:58:49.048,0.9447918945518454
2026/09/24 06:58:59.048,0.9460635641476276
2026/09/24 06:59:09.048,0.946205265377856
2026/09/24 06:59:19.048,0.9451332038664325
2026/09/24 06:59:29.048,0.9467451739894552
2026/09/24 06:59:39.048,0.945251416520211
2026/09/24 06:59:49.048,0.9452638242530758
2026/09/24 06:59:59.065,0.9437088980667838
2026/09/24 07:00:09.032,0.9458409648506153
2026/09/24 07:00:19.048,0.9458529297012302
2026/09/24 07:00:29.048,0.9445224551845344
2026/09/24 07:00:39.048,0.9444851247803164
2026/09/24 07:00:49.032,0.944497121265378
2026/09/24 07:00:59.032,0.9421441581722321
2026/09/24 07:01:09.032,0.9448013075571179
2026/09/24 07:01:19.032,0.9451800474516697
2026/09/24 07:01:29.032,0.944273028119508
2026/09/24 07:01:39.032,0.9457329824253076
2026/09/24 07:01:49.032,0.9437920720562392
2026/09/24 07:01:59.032,0.9446843268892794
2026/09/24 07:02:09.032,0.9453112056239016
2026/09/24 07:02:19.032,0.9424352161687172
2026/09/24 07:02:29.048,0.9444131950790863
2026/09/24 07:02:39.032,0.9448725096660809
2026/09/24 07:02:49.032,0.9444368752196837
2026/09/24 07:02:59.032,0.9438391792618629
2026/09/24 07:03:09.032,0.9452764182776803
2026/09/24 07:03:19.032,0.9438271950790862
2026/09/24 07:03:29.032,0.9459457873462216
2026/09/24 07:03:39.032,0.9442141089630932
2026/09/24 07:03:49.032,0.945071862917399
2026/09/24 07:03:59.032,0.9437918435852374
2026/09/24 07:04:09.032,0.944508732864675
2026/09/24 07:04:19.032,0.9445445957820738
2026/09/24 07:04:29.032,0.9455920650263621
2026/09/24 07:04:39.032,0.9450503813708261
2026/09/24 07:04:49.032,0.9450268927943761
2026/09/24 07:04:59.032,0.9430849648506151
2026/09/24 07:05:09.048,0.9440726344463972
2026/09/24 07:05:19.032,0.9432368137082603
2026/09/24 07:05:29.032,0.9431199437609843
2026/09/24 07:05:39.032,0.9434720017574694
2026/09/24 07:05:49.032,0.9447670738137084
2026/09/24 07:05:59.032,0.9437448418277681
2026/09/24 07:06:09.032,0.9428373655536029
2026/09/24 07:06:19.032,0.9436117750439369
2026/09/24 07:06:29.032,0.9426840035149385
2026/09/24 07:06:39.032,0.9433679367311072
2026/09/24 07:06:49.032,0.9431903356766258
2026/09/24 07:06:59.048,0.9423896942003516
2026/09/24 07:07:09.032,0.9417301546572935
2026/09/24 07:07:19.032,0.9440862934973638
2026/09/24 07:07:29.032,0.9447682144112479
2026/09/24 07:07:39.032,0.9444132179261864
2026/09/24 07:07:49.032,0.9414118084358526
2026/09/24 07:07:59.048,0.9435091968365555
2026/09/24 07:08:09.032,0.9445092425307559
2026/09/24 07:08:19.032,0.9416842021089632
2026/09/24 07:08:29.032,0.9436735166959578
2026/09/24 07:08:39.032,0.9402568910369068
2026/09/24 07:08:49.032,0.9426370298769773
2026/09/24 07:08:59.032,0.9420135430579966
2026/09/24 07:09:09.032,0.9436017205623902
2026/09/24 07:09:19.032,0.9417552601054483
2026/09/24 07:09:29.032,0.941081942003515
2026/09/24 07:09:39.032,0.941352553602812
2026/09/24 07:09:49.048,0.9429074253075571
2026/09/24 07:09:59.051,0.9446630650263622
2026/09/24 07:10:09.051,0.9425786924428824
2026/09/24 07:10:19.051,0.9429199033391916
2026/09/24 07:10:29.051,0.9427779226713533
2026/09/24 07:10:39.051,0.9422134200351495
2026/09/24 07:10:49.051,0.9411547346221443
2026/09/24 07:10:59.051,0.9431661511423551
2026/09/24 07:11:09.051,0.9436388365553603
2026/09/24 07:11:19.051,0.9427075975395431
2026/09/24 07:11:29.051,0.9405296379613357
2026/09/24 07:11:39.051,0.9417757680140598
2026/09/24 07:11:49.051,0.9408826643233744
2026/09/24 07:11:59.051,0.9418149630931459
2026/09/24 07:12:09.051,0.940540237258348
2026/09/24 07:12:19.068,0.9447676115992971
2026/09/24 07:12:29.051,0.9420709173989456
2026/09/24 07:12:39.051,0.9399293778558875
2026/09/24 07:12:49.051,0.9410931493848859
2026/09/24 07:12:59.051,0.9417654253075572
2026/09/24 07:13:09.051,0.942024949033392
2026/09/24 07:13:19.051,0.9416848400702988
2026/09/24 07:13:29.051,0.9420131195079087
2026/09/24 07:13:39.051,0.9412809226713533
2026/09/24 07:13:49.051,0.9400810158172233
2026/09/24 07:13:59.051,0.9403281739894552
2026/09/24 07:14:09.051,0.9414235219683657
2026/09/24 07:14:19.051,0.9418009121265378
2026/09/24 07:14:29.051,0.940259072056239
2026/09/24 07:14:39.051,0.9402220404217928
2026/09/24 07:14:49.051,0.9413066994727592
2026/09/24 07:14:59.051,0.9426353866432338
2026/09/24 07:15:09.051,0.9393757170474517
2026/09/24 07:15:19.051,0.9417904059753955
2026/09/24 07:15:29.051,0.9418939648506153
2026/09/24 07:15:39.051,0.942447244288225
2026/09/24 07:15:49.068,0.9415425483304043
2026/09/24 07:15:59.051,0.9407535219683656
2026/09/24 07:16:09.051,0.9395403497363797
2026/09/24 07:16:19.051,0.9407520035149385
2026/09/24 07:16:29.051,0.9395149420035152
2026/09/24 07:16:39.051,0.9404577926186292
2026/09/24 07:16:49.051,0.9415541757469245
2026/09/24 07:16:59.068,0.9416233637961337
2026/09/24 07:17:09.068,0.9398610456942004
2026/09/24 07:17:19.051,0.939446834797891
2026/09/24 07:17:29.051,0.9419085289982426
2026/09/24 07:17:39.051,0.9375875606326891
2026/09/24 07:17:49.051,0.9394224622144113
2026/09/24 07:17:59.051,0.9408692952548332
2026/09/24 07:18:09.051,0.940115632688928
2026/09/24 07:18:19.051,0.9396339964850615
2026/09/24 07:18:29.051,0.938717
2026/09/24 07:18:39.051,0.9409176098418278
2026/09/24 07:18:49.051,0.9405881493848858
2026/09/24 07:18:59.051,0.9408120949033392
2026/09/24 07:19:09.051,0.9401172390158173
2026/09/24 07:19:19.051,0.9397412355008788
2026/09/24 07:19:29.068,0.9396811880492093
2026/09/24 07:19:39.051,0.9387969595782074
2026/09/24 07:19:49.051,0.9401034411247805
2026/09/24 07:19:59.051,0.9385279261862918
2026/09/24 07:20:09.051,0.9398125166959579
2026/09/24 07:20:19.051,0.9371509771528999
2026/09/24 07:20:29.051,0.9375726590509667
2026/09/24 07:20:39.051,0.939644625659051
2026/09/24 07:20:49.051,0.9396565342706504
2026/09/24 07:20:59.051,0.9400593216168717
2026/09/24 07:21:09.051,0.9388703163444642
2026/09/24 07:21:19.051,0.9389053391915643
2026/09/24 07:21:29.051,0.9391271353251319
2026/09/24 07:21:39.051,0.9402688506151142
2026/09/24 07:21:49.051,0.9376088014059755
2026/09/24 07:21:59.051,0.9391168892794376
2026/09/24 07:22:09.051,0.9392568611599297
2026/09/24 07:22:19.051,0.939255063268893
2026/09/24 07:22:29.051,0.9382690562390159
2026/09/24 07:22:39.051,0.9387738365553603
2026/09/24 07:22:49.051,0.9389748400702987
2026/09/24 07:22:59.051,0.937315783831283
2026/09/24 07:23:09.051,0.9383378945518454
2026/09/24 07:23:19.051,0.9414596221441125
2026/09/24 07:23:29.051,0.9369371739894553
2026/09/24 07:23:39.051,0.9402607346221442
2026/09/24 07:23:49.051,0.9377739472759227
2026/09/24 07:23:59.051,0.9390210087873464
2026/09/24 07:24:09.051,0.9381387521968366
2026/09/24 07:24:19.051,0.9378450246045695
2026/09/24 07:24:29.051,0.9367251300527242
2026/09/24 07:24:39.051,0.9382101054481548
2026/09/24 07:24:49.051,0.937949632688928
2026/09/24 07:24:59.051,0.9370813286467488
2026/09/24 07:25:09.051,0.9375260808435852
2026/09/24 07:25:19.051,0.9381739947275922
2026/09/24 07:25:29.051,0.9373386818980669
2026/09/24 07:25:39.051,0.9372102214411249
2026/09/24 07:25:49.051,0.9361372126537786
2026/09/24 07:25:59.051,0.9380094710017575
2026/09/24 07:26:09.051,0.9370914569420036
2026/09/24 07:26:19.051,0.937054690685413
2026/09/24 07:26:29.051,0.9375619437609842
2026/09/24 07:26:39.051,0.935747912126538
2026/09/24 07:26:49.051,0.9403754551845344
2026/09/24 07:26:59.051,0.9379033391915643
2026/09/24 07:27:09.072,0.9363023145869949
2026/09/24 07:27:19.072,0.9376310685413006
2026/09/24 07:27:29.072,0.9374571388400704
2026/09/24 07:27:39.072,0.93620718629174
2026/09/24 07:27:49.072,0.9365727135325133
2026/09/24 07:27:59.072,0.9364688822495608
2026/09/24 07:28:09.072,0.9369838453427066
2026/09/24 07:28:19.072,0.9375168910369069
2026/09/24 07:28:29.072,0.9372327996485061
2026/09/24 07:28:39.072,0.9364684253075573
2026/09/24 07:28:49.072,0.9364415360281195
2026/09/24 07:28:59.072,0.9352648295254834
2026/09/24 07:29:09.072,0.9369863339191565
2026/09/24 07:29:19.072,0.9376803532513183
2026/09/24 07:29:29.072,0.9365031441124781
2026/09/24 07:29:39.072,0.9363382565905097
2026/09/24 07:29:49.072,0.9374069068541301
2026/09/24 07:29:59.072,0.9361958471001759
2026/09/24 07:30:09.072,0.9363135957820738
2026/09/24 07:30:19.072,0.9359382636203867
2026/09/24 07:30:29.072,0.9369026063268894
2026/09/24 07:30:39.072,0.9370804376098419
2026/09/24 07:30:49.072,0.9358319543057997
2026/09/24 07:30:59.072,0.9360431318101933
2026/09/24 07:31:09.088,0.93464118629174
2026/09/24 07:31:19.072,0.9367624938488578
2026/09/24 07:31:29.072,0.9362304094903341
2026/09/24 07:31:39.088,0.9366794182776803
2026/09/24 07:31:49.072,0.9353133866432337
2026/09/24 07:31:59.072,0.9353114340949034
2026/09/24 07:32:09.072,0.9371727012302286
2026/09/24 07:32:19.088,0.93438120913884
2026/09/24 07:32:29.072,0.9365380298769773
2026/09/24 07:32:39.072,0.9355271265377857
2026/09/24 07:32:49.072,0.9366079261862917
2026/09/24 07:32:59.072,0.9352783497363798
2026/09/24 07:33:09.088,0.934547711775044
2026/09/24 07:33:19.072,0.9348755395430581
2026/09/24 07:33:29.072,0.9340418172231987
2026/09/24 07:33:39.072,0.9340647469244289
2026/09/24 07:33:49.072,0.934054179261863
2026/09/24 07:33:59.072,0.9359038488576451
2026/09/24 07:34:09.072,0.9334296098418279
2026/09/24 07:34:19.088,0.9355955483304043
2026/09/24 07:34:29.072,0.9371376977152901
2026/09/24 07:34:39.072,0.9354898875219685
2026/09/24 07:34:49.072,0.9363967188049209
2026/09/24 07:34:59.072,0.9331817451669596
2026/09/24 07:35:09.072,0.9352314147627416
2026/09/24 07:35:19.072,0.933310804920914
2026/09/24 07:35:29.072,0.9341849824253076
2026/09/24 07:35:39.072,0.9351006010544816
2026/09/24 07:35:49.072,0.9354313550087874
2026/09/24 07:35:59.072,0.9361972231985941
2026/09/24 07:36:09.072,0.9351022636203867
2026/09/24 07:36:19.072,0.9344063462214411
2026/09/24 07:36:29.072,0.9341959015817224
2026/09/24 07:36:39.088,0.9338649507908612
2026/09/24 07:36:49.072,0.9343105289982426
2026/09/24 07:36:59.072,0.9335826010544815
2026/09/24 07:37:09.072,0.9347263391915642
2026/09/24 07:37:19.072,0.934147898066784
2026/09/24 07:37:29.072,0.9339472548330405
2026/09/24 07:37:39.072,0.934209388400703
2026/09/24 07:37:49.072,0.9345238137082602
2026/09/24 07:37:59.072,0.9340866871704746
2026/09/24 07:38:09.072,0.9345725307557118
2026/09/24 07:38:19.072,0.9351244868189807
2026/09/24 07:38:29.072,0.9320388840070299
2026/09/24 07:38:39.072,0.9337941862917399
2026/09/24 07:38:49.072,0.9341487644991213
2026/09/24 07:38:59.072,0.9342183391915643
2026/09/24 07:39:09.072,0.9334759753954306
2026/09/24 07:39:19.072,0.9363612355008788
2026/09/24 07:39:29.072,0.9344647697715291
2026/09/24 07:39:39.088,0.9324519297012304
2026/09/24 07:39:49.072,0.9324970000000001
2026/09/24 07:39:59.072,0.9337703673110722
2026/09/24 07:40:09.072,0.9317583936731109
2026/09/24 07:40:19.072,0.933899474516696
2026/09/24 07:40:29.072,0.9324034569420036
2026/09/24 07:40:39.072,0.9333467100175746
2026/09/24 07:40:49.072,0.9332403427065027
2026/09/24 07:40:59.088,0.9320043602811952
2026/09/24 07:41:09.072,0.932615746924429
2026/09/24 07:41:19.072,0.9321940843585237
2026/09/24 07:41:29.072,0.9327591985940247
2026/09/24 07:41:39.072,0.9326976959578207
2026/09/24 07:41:49.072,0.9323228435852374
2026/09/24 07:41:59.088,0.9333572601054483
2026/09/24 07:42:09.072,0.9327360000000001
2026/09/24 07:42:19.088,0.9330181318101934
2026/09/24 07:42:29.072,0.9346641089630933
2026/09/24 07:42:39.088,0.9322998664323375
2026/09/24 07:42:49.072,0.9323465500878736
2026/09/24 07:42:59.072,0.9324748400702988
2026/09/24 07:43:09.072,0.9321210966608086
2026/09/24 07:43:19.072,0.9326173479789104
2026/09/24 07:43:29.072,0.9315217855887522
2026/09/24 07:43:39.072,0.9329700913884008
2026/09/24 07:43:49.072,0.9308863356766256
2026/09/24 07:43:59.072,0.9340911195079087
2026/09/24 07:44:09.072,0.9319925764499123
2026/09/24 07:44:19.092,0.9324392864674869
2026/09/24 07:44:29.092,0.9322276449912127
2026/09/24 07:44:39.092,0.9325096572934974
2026/09/24 07:44:49.092,0.9329679894551847
2026/09/24 07:44:59.092,0.9325837065026363
2026/09/24 07:45:09.092,0.9321110456942004
2026/09/24 07:45:19.092,0.9326411195079087
2026/09/24 07:45:29.092,0.9310741775043938
2026/09/24 07:45:39.092,0.9306278611599298
2026/09/24 07:45:49.092,0.931660681898067
2026/09/24 07:45:59.092,0.9315218857644991
2026/09/24 07:46:09.092,0.9304403409490335
2026/09/24 07:46:19.092,0.9308392811950792
2026/09/24 07:46:29.092,0.929718920913884
2026/09/24 07:46:39.092,0.9301427574692442
2026/09/24 07:46:49.092,0.9317677469244289
2026/09/24 07:46:59.092,0.9310750404217928
2026/09/24 07:47:09.092,0.9315233567662566
2026/09/24 07:47:19.092,0.931864172231986
2026/09/24 07:47:29.092,0.9320635571177505
2026/09/24 07:47:39.092,0.9311558383128296
2026/09/24 07:47:49.092,0.9312626028119508
2026/09/24 07:47:59.092,0.9306153339191564
2026/09/24 07:48:09.092,0.9310756467486819
2026/09/24 07:48:19.108,0.9312266977152901
2026/09/24 07:48:29.092,0.9319807311072056
2026/09/24 07:48:39.092,0.9303090228471003
2026/09/24 07:48:49.092,0.9313330615114237
2026/09/24 07:48:59.092,0.9300384727592269
2026/09/24 07:49:09.092,0.9311794780316346
2026/09/24 07:49:19.092,0.9317816115992972
2026/09/24 07:49:29.092,0.9339358927943762
2026/09/24 07:49:39.092,0.9320408224956065
2026/09/24 07:49:49.092,0.9319718857644992
2026/09/24 07:49:59.108,0.9302268611599298
2026/09/24 07:50:09.092,0.9308872407732864
2026/09/24 07:50:19.092,0.9310489173989456
2026/09/24 07:50:29.092,0.9312299736379615
2026/09/24 07:50:39.092,0.9304850333919157
2026/09/24 07:50:49.092,0.9308386432337434
2026/09/24 07:50:59.092,0.9303566291739894
2026/09/24 07:51:09.092,0.9285905149384885
2026/09/24 07:51:19.092,0.9313106274165203
2026/09/24 07:51:29.092,0.9296629121265378
2026/09/24 07:51:39.092,0.930107323374341
2026/09/24 07:51:49.108,0.9316294780316344
2026/09/24 07:51:59.092,0.9282726133567664
2026/09/24 07:52:09.092,0.9312981423550089
2026/09/24 07:52:19.092,0.9311799349736379
2026/09/24 07:52:29.092,0.9304973075571178
2026/09/24 07:52:39.092,0.930262007029877
2026/09/24 07:52:49.092,0.9283780650263621
2026/09/24 07:52:59.092,0.9306156889279439
2026/09/24 07:53:09.092,0.9285665799648506
2026/09/24 07:53:19.092,0.9296512267135326
2026/09/24 07:53:29.092,0.929261748681898
2026/09/24 07:53:39.108,0.9305680615114236
2026/09/24 07:53:49.092,0.9323099912126538
2026/09/24 07:53:59.092,0.9302501634446398
2026/09/24 07:54:09.092,0.9312374903339191
2026/09/24 07:54:19.092,0.9297188980667839
2026/09/24 07:54:29.092,0.930815056239016
2026/09/24 07:54:39.092,0.9279192425307558
2026/09/24 07:54:49.092,0.9305456326889281
2026/09/24 07:54:59.092,0.9297668910369069
2026/09/24 07:55:09.092,0.9289772249560634
2026/09/24 07:55:19.092,0.9290937065026362
2026/09/24 07:55:29.092,0.9304476766256592
2026/09/24 07:55:39.092,0.9295910984182778
2026/09/24 07:55:49.092,0.9286130509666082
2026/09/24 07:55:59.092,0.9286722513181019
2026/09/24 07:56:09.092,0.9282716854130053
2026/09/24 07:56:19.092,0.9307083848857646
2026/09/24 07:56:29.092,0.9286716625659052
2026/09/24 07:56:39.092,0.9287309244288227
2026/09/24 07:56:49.092,0.9293552565905097
2026/09/24 07:56:59.092,0.9287073725834799
2026/09/24 07:57:09.092,0.9287522091388402
2026/09/24 07:57:19.092,0.9292161318101935
2026/09/24 07:57:29.092,0.9283308066783832
2026/09/24 07:57:39.092,0.9283904604569421
2026/09/24 07:57:49.092,0.9288721107205624
2026/09/24 07:57:59.092,0.9290243725834798
2026/09/24 07:58:09.092,0.92867218629174
2026/09/24 07:58:19.092,0.9303665975395431
2026/09/24 07:58:29.092,0.9278840369068542
2026/09/24 07:58:39.092,0.9293063181019333
2026/09/24 07:58:49.092,0.9277292829525484
2026/09/24 07:58:59.092,0.9292132056239016
2026/09/24 07:59:09.092,0.9284127100175749
2026/09/24 07:59:19.092,0.9302859173989457
2026/09/24 07:59:29.075,0.9290723971880493
2026/09/24 07:59:39.075,0.9277322688927946
2026/09/24 07:59:49.075,0.9287307803163446
2026/09/24 07:59:59.075,0.9273891652021091
2026/09/24 08:00:09.075,0.9283173901581724
2026/09/24 08:00:19.075,0.926397704745167
2026/09/24 08:00:29.075,0.9281649103690686
2026/09/24 08:00:39.075,0.9269642425307558
2026/09/24 08:00:49.075,0.9270462126537787
2026/09/24 08:00:59.075,0.927648783831283
2026/09/24 08:01:09.075,0.927906409490334
2026/09/24 08:01:19.075,0.9267048980667839
2026/09/24 08:01:29.095,0.9271783637961336
2026/09/24 08:01:39.095,0.9279861634446398
2026/09/24 08:01:49.095,0.9282378066783832
2026/09/24 08:01:59.095,0.9266918717047452
2026/09/24 08:02:09.095,0.9276004499121265
2026/09/24 08:02:19.095,0.9278247275922671
2026/09/24 08:02:29.095,0.9265880246045695
2026/09/24 08:02:39.095,0.9273648734622144
2026/09/24 08:02:49.095,0.9272953567662566
2026/09/24 08:02:59.095,0.9266576572934975
2026/09/24 08:03:09.095,0.9284594973637963
2026/09/24 08:03:19.095,0.9281173831282954
2026/09/24 08:03:29.095,0.9285773128295255
2026/09/24 08:03:39.112,0.9279183602811951
2026/09/24 08:03:49.095,0.9281067785588752
2026/09/24 08:03:59.095,0.9267032073813709
2026/09/24 08:04:09.095,0.9265972425307558
2026/09/24 08:04:19.095,0.9280483884007031
2026/09/24 08:04:29.095,0.9283765711775045
2026/09/24 08:04:39.095,0.9269889402460458
2026/09/24 08:04:49.095,0.9270006186291742
2026/09/24 08:04:59.095,0.9262689806678384
2026/09/24 08:05:09.095,0.9266225237258349
2026/09/24 08:05:19.095,0.9280476221441126
2026/09/24 08:05:29.095,0.9257297223198594
2026/09/24 08:05:39.095,0.9262701810193322
2026/09/24 08:05:49.095,0.927635653778559
2026/09/24 08:05:59.112,0.9266479630931459
2026/09/24 08:06:09.095,0.9246219929701232
2026/09/24 08:06:19.095,0.9277890773286469
2026/09/24 08:06:29.095,0.9249978840070301
2026/09/24 08:06:39.095,0.9272006994727592
2026/09/24 08:06:49.095,0.9261287996485061
2026/09/24 08:06:59.095,0.9260123251318103
2026/09/24 08:07:09.095,0.9259072741652022
2026/09/24 08:07:19.095,0.9260231528998244
2026/09/24 08:07:29.095,0.9253388717047453
2026/09/24 08:07:39.095,0.9269306344463972
2026/09/24 08:07:49.112,0.9254690896309316
2026/09/24 08:07:59.095,0.925987337434095
2026/09/24 08:08:09.095,0.9277063796133569
2026/09/24 08:08:19.095,0.9260940843585238
2026/09/24 08:08:29.095,0.9252215377855889
2026/09/24 08:08:39.095,0.925702639718805
2026/09/24 08:08:49.095,0.9263053602811953
2026/09/24 08:08:59.095,0.9273880738137084
2026/09/24 08:09:09.095,0.9264364323374341
2026/09/24 08:09:19.095,0.9264809912126539
2026/09/24 08:09:29.095,0.9268829455184535
2026/09/24 08:09:39.095,0.924904244288225
2026/09/24 08:09:49.095,0.9252120667838314
2026/09/24 08:09:59.095,0.9256325430579967
2026/09/24 08:10:09.095,0.9240091810193323
2026/09/24 08:10:19.095,0.9254801845342708
2026/09/24 08:10:29.095,0.92655127943761
2026/09/24 08:10:39.095,0.9251273444639719
2026/09/24 08:10:49.095,0.9255754674868191
2026/09/24 08:10:59.095,0.9244207820738137
2026/09/24 08:11:09.112,0.9251499666080845
2026/09/24 08:11:19.095,0.9249147644991212
2026/09/24 08:11:29.095,0.9253397521968367
2026/09/24 08:11:39.095,0.9249267451669597
2026/09/24 08:11:49.095,0.9229371458699474
2026/09/24 08:11:59.095,0.9249400667838313
2026/09/24 08:12:09.112,0.9267532267135327
2026/09/24 08:12:19.095,0.924350042179262
2026/09/24 08:12:29.095,0.9248684428822497
2026/09/24 08:12:39.095,0.9238569507908613
2026/09/24 08:12:49.095,0.9254316766256591
2026/09/24 08:12:59.095,0.9246935043936733
2026/09/24 08:13:09.095,0.9243291441124781
2026/09/24 08:13:19.095,0.9253883725834798
2026/09/24 08:13:29.095,0.9257260896309315
2026/09/24 08:13:39.095,0.9237025008787347
2026/09/24 08:13:49.112,0.924656416520211
2026/09/24 08:13:59.095,0.9250101599297014
2026/09/24 08:14:09.095,0.9241506133567663
2026/09/24 08:14:19.095,0.925044309314587
2026/09/24 08:14:29.095,0.9256575448154658
2026/09/24 08:14:39.095,0.9246577855887523
2026/09/24 08:14:49.112,0.9247497381370827
2026/09/24 08:14:59.095,0.9245045729349738
2026/09/24 08:15:09.095,0.9233374305799649
2026/09/24 08:15:19.095,0.9243734042179262
2026/09/24 08:15:29.095,0.925069553602812
2026/09/24 08:15:39.095,0.9261757803163445
2026/09/24 08:15:49.095,0.9243731335676626
2026/09/24 08:15:59.095,0.9255991528998243
2026/09/24 08:16:09.095,0.9232661159929703
2026/09/24 08:16:19.095,0.9227376660808437
2026/09/24 08:16:29.095,0.9234306449912127
2026/09/24 08:16:39.095,0.9248694481546573
2026/09/24 08:16:49.112,0.9234324217926186
2026/09/24 08:16:59.095,0.9249994059753954
2026/09/24 08:17:09.095,0.9237389789103692
2026/09/24 08:17:19.095,0.9239394305799649
2026/09/24 08:17:29.095,0.9228677258347979
2026/09/24 08:17:39.095,0.9238447557117752
2026/09/24 08:17:49.095,0.921926072056239
2026/09/24 08:17:59.095,0.924762065026362
2026/09/24 08:18:09.095,0.9237498963093147
2026/09/24 08:18:19.112,0.9232788172231987
2026/09/24 08:18:29.095,0.9244107416520212
2026/09/24 08:18:39.115,0.9236563040421794
2026/09/24 08:18:49.115,0.9229592126537787
2026/09/24 08:18:59.115,0.9246811212653779
2026/09/24 08:19:09.115,0.9220437170474518
2026/09/24 08:19:19.115,0.9231960790861161
2026/09/24 08:19:29.115,0.923987416520211
2026/09/24 08:19:39.115,0.9213015166959578
2026/09/24 08:19:49.115,0.9218887539543059
2026/09/24 08:19:59.115,0.922821288224956
2026/09/24 08:20:09.115,0.9251527961335677
2026/09/24 08:20:19.115,0.9231150386643235
2026/09/24 08:20:29.115,0.9238095869947276
2026/09/24 08:20:39.115,0.9228673778558876
2026/09/24 08:20:49.115,0.9201239050966609
2026/09/24 08:20:59.115,0.9226446485061511
2026/09/24 08:21:09.115,0.9233269894551845
2026/09/24 08:21:19.115,0.9220190123022847
2026/09/24 08:21:29.115,0.9237981300527242
2026/09/24 08:21:39.115,0.9222678857644991
2026/09/24 08:21:49.115,0.9219837082601055
2026/09/24 08:21:59.131,0.9205129086115994
2026/09/24 08:22:09.115,0.9224196028119509
2026/09/24 08:22:19.115,0.9214886502636206
2026/09/24 08:22:29.115,0.9218793550087875
2026/09/24 08:22:39.115,0.9241856783831284
2026/09/24 08:22:49.115,0.9226073216168719
2026/09/24 08:22:59.115,0.9219247803163445
2026/09/24 08:23:09.115,0.9225029859402462
2026/09/24 08:23:19.115,0.9241844956063269
2026/09/24 08:23:29.115,0.9221274323374341
2026/09/24 08:23:39.115,0.9233712829525484
2026/09/24 08:23:49.115,0.9214188576449913
2026/09/24 08:23:59.131,0.9212889332161687
2026/09/24 08:24:09.115,0.9250463725834798
2026/09/24 08:24:19.115,0.9206775360281195
2026/09/24 08:24:29.115,0.9243516098418278
2026/09/24 08:24:39.115,0.9221367328646749
2026/09/24 08:24:49.115,0.9200424112478032
2026/09/24 08:24:59.115,0.9244558963093147
2026/09/24 08:25:09.131,0.9218073831282955
2026/09/24 08:25:19.115,0.9219848347978912
2026/09/24 08:25:29.115,0.9213613409490335
2026/09/24 08:25:39.115,0.9222522091388402
2026/09/24 08:25:49.115,0.9199106203866434
2026/09/24 08:25:59.115,0.9217630158172232
2026/09/24 08:26:09.115,0.9211830333919158
2026/09/24 08:26:19.115,0.9202654569420037
2026/09/24 08:26:29.115,0.9210555114235502
2026/09/24 08:26:39.115,0.9221720597539544
2026/09/24 08:26:49.115,0.920784609841828
2026/09/24 08:26:59.115,0.9209822337434096
2026/09/24 08:27:09.131,0.9217138014059755
2026/09/24 08:27:19.131,0.9219129086115992
2026/09/24 08:27:29.115,0.9238818506151143
2026/09/24 08:27:39.115,0.9204185817223199
2026/09/24 08:27:49.131,0.9208314042179263
2026/09/24 08:27:59.115,0.9216635149384887
2026/09/24 08:28:09.115,0.920573028119508
2026/09/24 08:28:19.115,0.9211371599297014
2026/09/24 08:28:29.115,0.9202894622144113
2026/09/24 08:28:39.115,0.9231032460456943
2026/09/24 08:28:49.115,0.921417539543058
2026/09/24 08:28:59.131,0.9200162091388402
2026/09/24 08:29:09.115,0.9203837943760984
2026/09/24 08:29:19.115,0.9215375571177504
2026/09/24 08:29:29.115,0.9232782214411249
2026/09/24 08:29:39.115,0.9193003936731108
2026/09/24 08:29:49.131,0.9224668611599298
2026/09/24 08:29:59.115,0.9203596836555361
2026/09/24 08:30:09.115,0.9203116080843586
2026/09/24 08:30:19.115,0.9228562425307557
2026/09/24 08:30:29.131,0.9204423848857646
2026/09/24 08:30:39.115,0.9207584463971882
2026/09/24 08:30:49.115,0.9179321775043937
2026/09/24 08:30:59.115,0.9203146590509668
2026/09/24 08:31:09.115,0.9207725553602814
2026/09/24 08:31:19.115,0.9204770808435854
2026/09/24 08:31:29.115,0.9197347293497364
2026/09/24 08:31:39.115,0.9197109297012303
2026/09/24 08:31:49.131,0.9228204938488578
2026/09/24 08:31:59.115,0.9203123497363797
2026/09/24 08:32:09.115,0.9196518963093147
2026/09/24 08:32:19.115,0.921974086115993
2026/09/24 08:32:29.115,0.9186985659050967
2026/09/24 08:32:39.115,0.921417539543058
2026/09/24 08:32:49.131,0.9218177152899825
2026/09/24 08:32:59.115,0.9184520474516696
2026/09/24 08:33:09.115,0.9193235219683656
2026/09/24 08:33:19.115,0.9189708875219684
2026/09/24 08:33:29.131,0.9241851775043938
2026/09/24 08:33:39.115,0.9196177557117751
2026/09/24 08:33:49.131,0.9185574903339192
2026/09/24 08:33:59.115,0.9182391036906854
2026/09/24 08:34:09.115,0.920559739894552
2026/09/24 08:34:19.115,0.9199117293497364
2026/09/24 08:34:29.115,0.9196872688927945
2026/09/24 08:34:39.115,0.9205001054481546
2026/09/24 08:34:49.115,0.9193812249560633
2026/09/24 08:34:59.115,0.9181817750439367
2026/09/24 08:35:09.115,0.9191016836555361
2026/09/24 08:35:19.115,0.9212773989455186
2026/09/24 08:35:29.115,0.920467121265378
2026/09/24 08:35:39.115,0.9181335500878736
2026/09/24 08:35:49.115,0.9196535764499121
2026/09/24 08:35:59.135,0.9190637574692444
2026/09/24 08:36:09.135,0.9191001212653779
2026/09/24 08:36:19.135,0.9195591089630931
2026/09/24 08:36:29.151,0.9193364991212655
2026/09/24 08:36:39.151,0.9176391898066785
2026/09/24 08:36:49.135,0.9190169507908612
2026/09/24 08:36:59.135,0.9181231493848859
2026/09/24 08:37:09.135,0.9180632021089632
2026/09/24 08:37:19.135,0.919711725834798
2026/09/24 08:37:29.135,0.9174875957820738
2026/09/24 08:37:39.135,0.9185007188049211
2026/09/24 08:37:49.151,0.919452891036907
2026/09/24 08:37:59.135,0.9180180896309316
2026/09/24 08:38:09.135,0.9178520738137083
2026/09/24 08:38:19.135,0.9188998506151144
2026/09/24 08:38:29.135,0.9195105131810194
2026/09/24 08:38:39.135,0.9199125096660808
2026/09/24 08:38:49.135,0.9193245448154657
2026/09/24 08:38:59.135,0.9187115342706502
2026/09/24 08:39:09.151,0.9191469472759227
2026/09/24 08:39:19.135,0.9197840843585238
2026/09/24 08:39:29.135,0.9177467100175748
2026/09/24 08:39:39.151,0.9185220281195079
2026/09/24 08:39:49.135,0.9184059876977153
2026/09/24 08:39:59.135,0.9178626783831284
2026/09/24 08:40:09.135,0.9182513163444641
2026/09/24 08:40:19.135,0.9184304551845344
2026/09/24 08:40:29.151,0.9174993831282953
2026/09/24 08:40:39.135,0.9189572811950792
2026/09/24 08:40:49.135,0.9171325782073814
2026/09/24 08:40:59.135,0.9186992284710017
2026/09/24 08:41:09.135,0.9186406063268894
2026/09/24 08:41:19.135,0.9169340263620387
2026/09/24 08:41:29.135,0.9178055272407734
2026/09/24 08:41:39.135,0.9192044200351493
2026/09/24 08:41:49.135,0.9180854253075572
2026/09/24 08:41:59.135,0.919111
2026/09/24 08:42:09.135,0.9193922495606327
2026/09/24 08:42:19.135,0.9190531019332162
2026/09/24 08:42:29.135,0.9159546801405976
2026/09/24 08:42:39.135,0.9176291195079087
2026/09/24 08:42:49.135,0.9189341493848859
2026/09/24 08:42:59.135,0.9193940615114236
2026/09/24 08:43:09.135,0.91898179086116
2026/09/24 08:43:19.135,0.9179938927943762
2026/09/24 08:43:29.135,0.9185115448154659
2026/09/24 08:43:39.135,0.9190773479789105
2026/09/24 08:43:49.135,0.9188980615114236
2026/09/24 08:43:59.135,0.9173335975395432
2026/09/24 08:44:09.135,0.9185463655536029
2026/09/24 08:44:19.135,0.9173103198594025
2026/09/24 08:44:29.135,0.9188636485061512
2026/09/24 08:44:39.135,0.9163200685413007
2026/09/24 08:44:49.135,0.9168984956063269
2026/09/24 08:44:59.135,0.9167096344463973
2026/09/24 08:45:09.135,0.9173775852372584
2026/09/24 08:45:19.135,0.9170156555360282
2026/09/24 08:45:29.135,0.9165428541300528
2026/09/24 08:45:39.135,0.9182037961335677
2026/09/24 08:45:49.135,0.9160964674868192
2026/09/24 08:45:59.135,0.9163448576449912
2026/09/24 08:46:09.151,0.915910295254833
2026/09/24 08:46:19.135,0.916638776801406
2026/09/24 08:46:29.135,0.917145293497364
2026/09/24 08:46:39.151,0.9173900843585238
2026/09/24 08:46:49.151,0.9172519314586995
2026/09/24 08:46:59.135,0.9162735729349736
2026/09/24 08:47:09.135,0.9170733796133569
2026/09/24 08:47:19.135,0.9164973901581723
2026/09/24 08:47:29.135,0.9170518101933216
2026/09/24 08:47:39.135,0.918265121265378
2026/09/24 08:47:49.135,0.9156846467486819
2026/09/24 08:47:59.135,0.9162246555360283
2026/09/24 08:48:09.135,0.9164007574692444
2026/09/24 08:48:19.135,0.9173798031634448
2026/09/24 08:48:29.135,0.9184505202108965
2026/09/24 08:48:39.135,0.9172990228471003
2026/09/24 08:48:49.135,0.9202403725834799
2026/09/24 08:48:59.135,0.9199596115992971
2026/09/24 08:49:09.135,0.9226895342706504
2026/09/24 08:49:19.151,0.9287556783831284
2026/09/24 08:49:29.135,0.9344189384885765
2026/09/24 08:49:39.151,0.9384194780316345
2026/09/24 08:49:49.135,0.9419061985940247
2026/09/24 08:49:59.135,0.9477104674868191
2026/09/24 08:50:09.135,0.9536223233743412
2026/09/24 08:50:19.151,0.9572478471001759
2026/09/24 08:50:29.135,0.9604391159929702
2026/09/24 08:50:39.151,0.9647720123022848
2026/09/24 08:50:49.135,0.969163704745167
2026/09/24 08:50:59.135,0.9750285694200351
2026/09/24 08:51:09.135,0.9801026766256591
2026/09/24 08:51:19.135,0.9832233971880493
2026/09/24 08:51:29.135,0.9855867785588753
2026/09/24 08:51:39.135,0.9909454692442884
2026/09/24 08:51:49.135,0.9945972390158174
2026/09/24 08:51:59.135,0.9986943145869949
2026/09/24 08:52:09.151,1.0021913479789104
2026/09/24 08:52:19.135,1.0053357381370827
2026/09/24 08:52:29.135,1.0099723075571179
2026/09/24 08:52:39.135,1.0128468752196838
2026/09/24 08:52:49.135,1.0186153585237259
2026/09/24 08:52:59.135,1.0204639314586996
2026/09/24 08:53:09.155,1.0240549947275925
2026/09/24 08:53:19.155,1.0296946660808435
2026/09/24 08:53:29.172,1.0322852196836556
2026/09/24 08:53:39.155,1.0367225553602812
2026/09/24 08:53:49.155,1.0405279156414764
2026/09/24 08:53:59.155,1.043589841827768
2026/09/24 08:54:09.172,1.048251049209139
2026/09/24 08:54:19.155,1.0508430228471002
2026/09/24 08:54:29.155,1.0559285606326891
2026/09/24 08:54:39.155,1.0595319402460457
2026/09/24 08:54:49.155,1.0624861335676627
2026/09/24 08:54:59.155,1.0658554217926188
2026/09/24 08:55:09.155,1.0713888576449913
2026/09/24 08:55:19.155,1.0763457592267136
2026/09/24 08:55:29.155,1.077733590509666
2026/09/24 08:55:39.155,1.0840930755711775
2026/09/24 08:55:49.155,1.0853741458699475
2026/09/24 08:55:59.155,1.089332114235501
2026/09/24 08:56:09.155,1.0947503321616874
2026/09/24 08:56:19.155,1.0980569420035151
2026/09/24 08:56:29.155,1.101835309314587
2026/09/24 08:56:39.155,1.1044154200351495
2026/09/24 08:56:49.155,1.1121263427065027
2026/09/24 08:56:59.155,1.11424530228471
2026/09/24 08:57:09.155,1.1166721142355012
2026/09/24 08:57:19.155,1.1238554428822498
2026/09/24 08:57:29.155,1.1282341634446398
2026/09/24 08:57:39.138,1.1302596643233744
2026/09/24 08:57:49.155,1.1351694323374342
2026/09/24 08:57:59.155,1.138241553602812
2026/09/24 08:58:09.138,1.1435967996485061
2026/09/24 08:58:19.138,1.148182746924429
2026/09/24 08:58:29.138,1.1501453954305803
2026/09/24 08:58:39.138,1.1568121441124781
2026/09/24 08:58:49.138,1.1577862741652023
2026/09/24 08:58:59.138,1.1605910966608086
2026/09/24 08:59:09.138,1.1675367434094905
2026/09/24 08:59:19.155,1.1715513778558877
2026/09/24 08:59:29.138,1.1743177732864676
2026/09/24 08:59:39.138,1.1776172934973639
2026/09/24 08:59:49.138,1.1819019701230231
2026/09/24 08:59:59.138,1.1852322618629174
2026/09/24 09:00:09.138,1.1906364657293498
2026/09/24 09:00:19.138,1.1934521528998243
2026/09/24 09:00:29.138,1.1991501072056239
2026/09/24 09:00:39.138,1.2013170984182777
2026/09/24 09:00:49.138,1.2070965272407734
2026/09/24 09:00:59.138,1.2095849876977154
2026/09/24 09:01:09.138,1.2127741353251318
2026/09/24 09:01:19.138,1.2180121985940247
2026/09/24 09:01:29.138,1.221166237258348
2026/09/24 09:01:39.138,1.2258319314586996
2026/09/24 09:01:49.138,1.2313038734622146
2026/09/24 09:01:59.138,1.233744920913884
2026/09/24 09:02:09.138,1.237016065026362
2026/09/24 09:02:19.138,1.2425725588752197
2026/09/24 09:02:29.138,1.2452707715289983
2026/09/24 09:02:39.138,1.2481060878734622
2026/09/24 09:02:49.138,1.2525251177504395
2026/09/24 09:02:59.138,1.2571618769771529
2026/09/24 09:03:09.138,1.260150855887522
2026/09/24 09:03:19.138,1.2641444393673111
2026/09/24 09:03:29.138,1.2678758787346223
2026/09/24 09:03:39.155,1.2725627346221442
2026/09/24 09:03:49.138,1.274199144112478
2026/09/24 09:03:59.138,1.2789343216168718
2026/09/24 09:04:09.138,1.2852567521968365
2026/09/24 09:04:19.138,1.286950042179262
2026/09/24 09:04:29.138,1.2902823690685414
2026/09/24 09:04:39.138,1.295226727592267
2026/09/24 09:04:49.138,1.29850309314587
2026/09/24 09:04:59.138,1.3036837170474518
2026/09/24 09:05:09.138,1.3061196695957822
2026/09/24 09:05:19.138,1.3094987644991214
2026/09/24 09:05:29.138,1.313574833040422
2026/09/24 09:05:39.138,1.318389381370826
2026/09/24 09:05:49.138,1.3222970281195081
2026/09/24 09:05:59.138,1.3258908927943762
2026/09/24 09:06:09.138,1.3301747680140599
2026/09/24 09:06:19.138,1.3323306203866434
2026/09/24 09:06:29.155,1.3378033708260106
2026/09/24 09:06:39.138,1.3397135869947276
2026/09/24 09:06:49.138,1.3453148312829526
2026/09/24 09:06:59.138,1.3482363620386644
2026/09/24 09:07:09.138,1.3508610263620389
2026/09/24 09:07:19.155,1.356701035149385
2026/09/24 09:07:29.155,1.3600580826010547
2026/09/24 09:07:39.138,1.3637698347978913
2026/09/24 09:07:49.138,1.366509344463972
2026/09/24 09:07:59.138,1.3727521318101936
2026/09/24 09:08:09.138,1.3746113760984184
2026/09/24 09:08:19.155,1.3783819753954305
2026/09/24 09:08:29.138,1.3813557644991215
2026/09/24 09:08:39.138,1.386161028119508
2026/09/24 09:08:49.138,1.3923326414762742
2026/09/24 09:08:59.155,1.3942725237258349
2026/09/24 09:09:09.138,1.3979007732864677
2026/09/24 09:09:19.138,1.4012784973637962
2026/09/24 09:09:29.138,1.4063422899824256
2026/09/24 09:09:39.138,1.4096499402460458
2026/09/24 09:09:49.138,1.4112647451669595
2026/09/24 09:09:59.138,1.415680539543058
2026/09/24 09:10:09.138,1.4181768594024606
2026/09/24 09:10:19.159,1.4200115131810194
2026/09/24 09:10:29.159,1.424825084358524
2026/09/24 09:10:39.159,1.4242257205623903
2026/09/24 09:10:49.159,1.4247339068541303
2026/09/24 09:10:59.159,1.425476137082601
2026/09/24 09:11:09.159,1.4253339173989457
2026/09/24 09:11:19.159,1.4265200404217926
2026/09/24 09:11:29.159,1.4242714780316346
2026/09/24 09:11:39.159,1.4199422495606329
2026/09/24 09:11:49.159,1.4222340843585237
2026/09/24 09:11:59.175,1.4196374973637962
2026/09/24 09:12:09.159,1.4168783954305801
2026/09/24 09:12:19.159,1.41624420913884
2026/09/24 09:12:29.159,1.415044344463972
2026/09/24 09:12:39.159,1.413360876977153
2026/09/24 09:12:49.159,1.412205797891037
2026/09/24 09:12:59.175,1.411384639718805
2026/09/24 09:13:09.175,1.4108858295254834
2026/09/24 09:13:19.159,1.4101111265377857
2026/09/24 09:13:29.159,1.4109362425307557
2026/09/24 09:13:39.159,1.408543869947276
2026/09/24 09:13:49.159,1.4083666379613358
2026/09/24 09:13:59.175,1.4082969964850616
2026/09/24 09:14:09.159,1.4083212021089633
2026/09/24 09:14:19.159,1.4105126713532514
2026/09/24 09:14:29.175,1.4120190316344465
2026/09/24 09:14:39.159,1.4089202583479792
2026/09/24 09:14:49.159,1.4092870984182777
2026/09/24 09:14:59.159,1.4098840474516698
2026/09/24 09:15:09.159,1.410500423550088
2026/09/24 09:15:19.159,1.411581409490334
2026/09/24 09:15:29.159,1.4100532565905097
2026/09/24 09:15:39.159,1.4098859789103693
2026/09/24 09:15:49.159,1.4075998804920915
2026/09/24 09:15:59.159,1.4106642108963094
2026/09/24 09:16:09.159,1.4091702811950793
2026/09/24 09:16:19.159,1.4086137820738138
2026/09/24 09:16:29.159,1.4085567715289984
2026/09/24 09:16:39.159,1.4092163989455186
2026/09/24 09:16:49.159,1.4076617293497367
2026/09/24 09:16:59.159,1.4066484463971882
2026/09/24 09:17:09.159,1.4058022495606328
2026/09/24 09:17:19.159,1.4080616537785589
2026/09/24 09:17:29.159,1.4066133602811952
2026/09/24 09:17:39.159,1.4037977644991213
2026/09/24 09:17:49.159,1.403727309314587
2026/09/24 09:17:59.159,1.4048370017574694
2026/09/24 09:18:09.159,1.4041306994727594
2026/09/24 09:18:19.159,1.404254891036907
2026/09/24 09:18:29.159,1.4016056151142358
2026/09/24 09:18:39.159,1.4010224200351495
2026/09/24 09:18:49.159,1.402868432337434
2026/09/24 09:18:59.175,1.4018688664323375
2026/09/24 09:19:09.159,1.4003028031634448
2026/09/24 09:19:19.159,1.4010908453427067
2026/09/24 09:19:29.175,1.4011641511423552
2026/09/24 09:19:39.175,1.3994085342706504
2026/09/24 09:19:49.159,1.3975696485061513
2026/09/24 09:19:59.159,1.3973787170474519
2026/09/24 09:20:09.175,1.396664321616872
2026/09/24 09:20:19.159,1.39593439543058
2026/09/24 09:20:29.159,1.3960625483304043
2026/09/24 09:20:39.159,1.395697574692443
2026/09/24 09:20:49.159,1.3943923216168717
2026/09/24 09:20:59.175,1.3953707926186292
2026/09/24 09:21:09.175,1.3941781159929703
2026/09/24 09:21:19.175,1.3948614973637963
2026/09/24 09:21:29.159,1.392579595782074
2026/09/24 09:21:39.159,1.3949674147627418
2026/09/24 09:21:49.159,1.3934612108963096
2026/09/24 09:21:59.159,1.3924138646748683
2026/09/24 09:22:09.159,1.3900260984182777
2026/09/24 09:22:19.159,1.3896221054481548
2026/09/24 09:22:29.159,1.388279035149385
2026/09/24 09:22:39.159,1.3902355289982427
2026/09/24 09:22:49.175,1.3876198242530757
2026/09/24 09:22:59.175,1.3879036133567664
2026/09/24 09:23:09.159,1.3863255571177504
2026/09/24 09:23:19.159,1.3855510878734623
2026/09/24 09:23:29.159,1.3864653198594026
2026/09/24 09:23:39.159,1.3864907082601057
2026/09/24 09:23:49.159,1.385456576449912
2026/09/24 09:23:59.159,1.3845960017574694
2026/09/24 09:24:09.159,1.3843690017574695
2026/09/24 09:24:19.159,1.383901956063269
2026/09/24 09:24:29.159,1.3842664042179262
2026/09/24 09:24:39.159,1.3813576643233745
2026/09/24 09:24:49.175,1.3824995114235503
2026/09/24 09:24:59.175,1.3815957732864677
2026/09/24 09:25:09.159,1.3826778347978912
2026/09/24 09:25:19.159,1.3812163427065027
2026/09/24 09:25:29.159,1.3812518804920915
2026/09/24 09:25:39.159,1.3812527996485062
2026/09/24 09:25:49.159,1.3805213725834797
2026/09/24 09:25:59.175,1.3785901599297012
2026/09/24 09:26:09.159,1.3753879226713532
2026/09/24 09:26:19.159,1.3767663462214412
2026/09/24 09:26:29.175,1.3777664727592267
2026/09/24 09:26:39.175,1.3764243743409492
2026/09/24 09:26:49.159,1.3762677557117753
2026/09/24 09:26:59.159,1.375636840070299
2026/09/24 09:27:09.159,1.374371762741652
2026/09/24 09:27:19.159,1.3745174253075572
2026/09/24 09:27:29.178,1.3744594059753956
2026/09/24 09:27:39.178,1.3735045131810193
2026/09/24 09:27:49.195,1.3742696942003516
2026/09/24 09:27:59.195,1.3719958998242532
2026/09/24 09:28:09.178,1.3726088488576451
2026/09/24 09:28:19.195,1.37077360456942
2026/09/24 09:28:29.178,1.3704216924428823
2026/09/24 09:28:39.178,1.372524892794376
2026/09/24 09:28:49.195,1.36940490685413
2026/09/24 09:28:59.178,1.3698508172231987
2026/09/24 09:29:09.178,1.3704880052724078
2026/09/24 09:29:19.178,1.3687949437609843
2026/09/24 09:29:29.195,1.366943546572935
2026/09/24 09:29:39.178,1.3677703251318103
2026/09/24 09:29:49.178,1.3656042161687172
2026/09/24 09:29:59.195,1.3651456274165203
2026/09/24 09:30:09.195,1.366368432337434
2026/09/24 09:30:19.178,1.3659816590509666
2026/09/24 09:30:29.178,1.3671698066783833
2026/09/24 09:30:39.195,1.3650025307557119
2026/09/24 09:30:49.178,1.364870223198594
2026/09/24 09:30:59.178,1.363919912126538
2026/09/24 09:31:09.178,1.3638382601054482
2026/09/24 09:31:19.178,1.36267327943761
2026/09/24 09:31:29.178,1.3611092021089632
2026/09/24 09:31:39.195,1.3624607574692444
2026/09/24 09:31:49.178,1.3617657258347982
2026/09/24 09:31:59.178,1.3605070667838315
2026/09/24 09:32:09.178,1.3607865043936733
2026/09/24 09:32:19.195,1.3572327223198595
2026/09/24 09:32:29.195,1.3596086010544817
2026/09/24 09:32:39.178,1.359058330404218
2026/09/24 09:32:49.178,1.3573259472759227
2026/09/24 09:32:59.178,1.3567249964850616
2026/09/24 09:33:09.178,1.3566872776801409
2026/09/24 09:33:19.178,1.3566673971880494
2026/09/24 09:33:29.195,1.3561506555360283
2026/09/24 09:33:39.178,1.3550918119507909
2026/09/24 09:33:49.178,1.3538540702987698
2026/09/24 09:33:59.178,1.3533703936731107
2026/09/24 09:34:09.195,1.3541231247803163
2026/09/24 09:34:19.178,1.3524295430579965
2026/09/24 09:34:29.195,1.352239760984183
2026/09/24 09:34:39.178,1.3537931124780318
2026/09/24 09:34:49.178,1.3527939683655539
2026/09/24 09:34:59.178,1.3519223690685414
2026/09/24 09:35:09.178,1.3525205483304044
2026/09/24 09:35:19.178,1.3503214833040424
2026/09/24 09:35:29.178,1.349438775043937
2026/09/24 09:35:39.178,1.3497406467486819
2026/09/24 09:35:49.178,1.3486849314586997
2026/09/24 09:35:59.195,1.3480491300527242
2026/09/24 09:36:09.195,1.34681079086116
2026/09/24 09:36:19.178,1.3476912460456945
2026/09/24 09:36:29.178,1.349060970123023
2026/09/24 09:36:39.195,1.347777523725835
2026/09/24 09:36:49.195,1.3459978523725837
2026/09/24 09:36:59.178,1.3462131107205626
2026/09/24 09:37:09.178,1.3453033866432338
2026/09/24 09:37:19.178,1.3431018998242532
2026/09/24 09:37:29.178,1.344879970123023
2026/09/24 09:37:39.178,1.34219630228471
2026/09/24 09:37:49.178,1.3439504727592269
2026/09/24 09:37:59.178,1.341370460456942
2026/09/24 09:38:09.178,1.3444202970123025
2026/09/24 09:38:19.178,1.3425732987697716
2026/09/24 09:38:29.195,1.3399026643233745
2026/09/24 09:38:39.178,1.3417032583479789
2026/09/24 09:38:49.178,1.3417693268892796
2026/09/24 09:38:59.178,1.340018970123023
2026/09/24 09:39:09.178,1.3390296695957822
2026/09/24 09:39:19.178,1.3390176309314588
2026/09/24 09:39:29.178,1.3395461599297014
2026/09/24 09:39:39.178,1.3363085869947278
2026/09/24 09:39:49.178,1.338227402460457
2026/09/24 09:39:59.178,1.335424202108963
2026/09/24 09:40:09.178,1.337745295254833
2026/09/24 09:40:19.178,1.3369810263620387
2026/09/24 09:40:29.178,1.3360711230228473
2026/09/24 09:40:39.178,1.3350831036906854
2026/09/24 09:40:49.195,1.3356632126537786
2026/09/24 09:40:59.178,1.333822344463972
2026/09/24 09:41:09.195,1.3345303251318104
2026/09/24 09:41:19.178,1.3342476485061512
2026/09/24 09:41:29.178,1.3328104622144112
2026/09/24 09:41:39.195,1.330622063268893
2026/09/24 09:41:49.195,1.3307747680140598
2026/09/24 09:41:59.178,1.3299605448154659
2026/09/24 09:42:09.178,1.3305872706502637
2026/09/24 09:42:19.178,1.3290179876977155
2026/09/24 09:42:29.178,1.33036539543058
2026/09/24 09:42:39.195,1.3296441634446399
2026/09/24 09:42:49.178,1.328080963093146
2026/09/24 09:42:59.178,1.3295247135325134
2026/09/24 09:43:09.178,1.3295638875219684
2026/09/24 09:43:19.178,1.3278442390158174
2026/09/24 09:43:29.178,1.3260541388400704
2026/09/24 09:43:39.195,1.3264674130052725
2026/09/24 09:43:49.178,1.3260313620386646
2026/09/24 09:43:59.195,1.3250971669595781
2026/09/24 09:44:09.178,1.3268176449912128
2026/09/24 09:44:19.178,1.3247117029876978
2026/09/24 09:44:29.178,1.3247582847100177
2026/09/24 09:44:39.199,1.3234764569420037
2026/09/24 09:44:49.216,1.3236271230228471
2026/09/24 09:44:59.199,1.3226954147627419
2026/09/24 09:45:09.199,1.323498286467487
2026/09/24 09:45:19.199,1.3234868154657295
2026/09/24 09:45:29.199,1.3227347416520212
2026/09/24 09:45:39.199,1.3217528541300527
2026/09/24 09:45:49.216,1.3202228717047453
2026/09/24 09:45:59.199,1.3199178594024605
2026/09/24 09:46:09.199,1.319484653778559
2026/09/24 09:46:19.199,1.3200119507908614
2026/09/24 09:46:29.199,1.3180344991212656
2026/09/24 09:46:39.199,1.3192243620386646
2026/09/24 09:46:49.199,1.317224495606327
2026/09/24 09:46:59.199,1.317116049209139
2026/09/24 09:47:09.199,1.3164478945518454
2026/09/24 09:47:19.199,1.3192828945518456
2026/09/24 09:47:29.199,1.3166000404217928
2026/09/24 09:47:39.216,1.3154082407732866
2026/09/24 09:47:49.199,1.313865769771529
2026/09/24 09:47:59.199,1.3140314358523726
2026/09/24 09:48:09.199,1.3150446818980668
2026/09/24 09:48:19.199,1.3158680017574693
2026/09/24 09:48:29.199,1.3125367996485062
2026/09/24 09:48:39.199,1.3120543848857646
2026/09/24 09:48:49.199,1.3108515008787347
2026/09/24 09:48:59.199,1.3121482759226715
2026/09/24 09:49:09.216,1.3111143286467488
2026/09/24 09:49:19.199,1.3095326555360283
2026/09/24 09:49:29.199,1.311487330404218
2026/09/24 09:49:39.199,1.310734963093146
2026/09/24 09:49:49.199,1.3096770316344466
2026/09/24 09:49:59.199,1.3072513005272408
2026/09/24 09:50:09.199,1.3096878084358525
2026/09/24 09:50:19.199,1.307531151142355
2026/09/24 09:50:29.199,1.3069229876977153
2026/09/24 09:50:39.199,1.3072852460456943
2026/09/24 09:50:49.199,1.3069817785588753
2026/09/24 09:50:59.199,1.30622616344464
2026/09/24 09:51:09.216,1.306261913884007
2026/09/24 09:51:19.199,1.3047654270650264
2026/09/24 09:51:29.216,1.3054835975395431
2026/09/24 09:51:39.216,1.305815864674868
2026/09/24 09:51:49.199,1.3028129595782074
2026/09/24 09:51:59.199,1.302907905096661
2026/09/24 09:52:09.199,1.3032815149384886
2026/09/24 09:52:19.199,1.3035307434094905
2026/09/24 09:52:29.199,1.302751632688928
2026/09/24 09:52:39.199,1.3017059367311075
2026/09/24 09:52:49.199,1.3022107082601055
2026/09/24 09:52:59.199,1.2994220316344465
2026/09/24 09:53:09.199,1.299588546572935
2026/09/24 09:53:19.216,1.300595451669596
2026/09/24 09:53:29.216,1.2992906801405977
2026/09/24 09:53:39.199,1.3007968681898068
2026/09/24 09:53:49.199,1.2982661423550088
2026/09/24 09:53:59.199,1.2980071669595783
2026/09/24 09:54:09.199,1.2981954499121267
2026/09/24 09:54:19.199,1.2970893989455186
2026/09/24 09:54:29.199,1.2972412390158172
2026/09/24 09:54:39.199,1.296641660808436
2026/09/24 09:54:49.199,1.2975478014059754
2026/09/24 09:54:59.199,1.2951591757469245
2026/09/24 09:55:09.182,1.296018181019332
2026/09/24 09:55:19.182,1.2941564692442884
2026/09/24 09:55:29.199,1.293629307557118
2026/09/24 09:55:39.182,1.2932857082601057
2026/09/24 09:55:49.182,1.2936611019332163
2026/09/24 09:55:59.182,1.2933916274165205
2026/09/24 09:56:09.182,1.291952295254833
2026/09/24 09:56:19.182,1.2911300826010546
2026/09/24 09:56:29.182,1.2920839736379615
2026/09/24 09:56:39.182,1.2920498066783832
2026/09/24 09:56:49.182,1.2912608312829525
2026/09/24 09:56:59.199,1.290802432337434
2026/09/24 09:57:09.199,1.288561193321617
2026/09/24 09:57:19.182,1.2897897240773286
2026/09/24 09:57:29.199,1.2885781388400703
2026/09/24 09:57:39.199,1.2857137205623903
2026/09/24 09:57:49.182,1.287820416520211
2026/09/24 09:57:59.182,1.2866802636203867
2026/09/24 09:58:09.182,1.2880455026362039
2026/09/24 09:58:19.182,1.287539676625659
2026/09/24 09:58:29.182,1.2867523848857645
2026/09/24 09:58:39.182,1.2867500474516695
2026/09/24 09:58:49.182,1.2857765711775044
2026/09/24 09:58:59.182,1.2854323409490336
2026/09/24 09:59:09.182,1.2843843919156417
2026/09/24 09:59:19.182,1.2831456660808436
2026/09/24 09:59:29.199,1.284196753954306
2026/09/24 09:59:39.199,1.2835480052724078
2026/09/24 09:59:49.182,1.2818886291739897
2026/09/24 09:59:59.182,1.2817705254833043
2026/09/24 10:00:09.182,1.2833348172231989
2026/09/24 10:00:19.182,1.282476202108963
2026/09/24 10:00:29.182,1.2795928031634447
2026/09/24 10:00:39.182,1.281914107205624
2026/09/24 10:00:49.199,1.2805099191564149
2026/09/24 10:00:59.182,1.280653632688928
2026/09/24 10:01:09.182,1.2806165500878737
2026/09/24 10:01:19.182,1.2784609876977155
2026/09/24 10:01:29.199,1.2792239156414764
2026/09/24 10:01:39.199,1.2784502776801407
2026/09/24 10:01:49.182,1.2769526045694202
2026/09/24 10:01:59.203,1.276271200351494
2026/09/24 10:02:09.203,1.27789539543058
2026/09/24 10:02:19.203,1.2761875483304044
2026/09/24 10:02:29.203,1.2777884586994728
2026/09/24 10:02:39.203,1.276094753954306
2026/09/24 10:02:49.203,1.2741392425307558
2026/09/24 10:02:59.203,1.276074121265378
2026/09/24 10:03:09.203,1.2746685588752198
2026/09/24 10:03:19.203,1.2730241388400705
2026/09/24 10:03:29.203,1.2741165114235502
2026/09/24 10:03:39.203,1.2716437416520212
2026/09/24 10:03:49.203,1.271575949033392
2026/09/24 10:03:59.203,1.2724100492091388
2026/09/24 10:04:09.203,1.2713623251318102
2026/09/24 10:04:19.203,1.2702912302284712
2026/09/24 10:04:29.220,1.27124237258348
2026/09/24 10:04:39.203,1.270420035149385
2026/09/24 10:04:49.203,1.2713476502636205
2026/09/24 10:04:59.203,1.2698193901581722
2026/09/24 10:05:09.220,1.2705005289982427
2026/09/24 10:05:19.220,1.2689026660808436
2026/09/24 10:05:29.203,1.2693491704745168
2026/09/24 10:05:39.203,1.2682318664323375
2026/09/24 10:05:49.203,1.2676430826010545
2026/09/24 10:05:59.203,1.2666998084358525
2026/09/24 10:06:09.220,1.2680432741652021
2026/09/24 10:06:19.203,1.2670398611599296
2026/09/24 10:06:29.203,1.2652383497363797
2026/09/24 10:06:39.203,1.2655903848857646
2026/09/24 10:06:49.203,1.2638714639718807
2026/09/24 10:06:59.203,1.2641567205623903
2026/09/24 10:07:09.203,1.264509769771529
2026/09/24 10:07:19.203,1.2622365852372583
2026/09/24 10:07:29.203,1.2651108804920914
2026/09/24 10:07:39.203,1.263461551845343
2026/09/24 10:07:49.220,1.262507639718805
2026/09/24 10:07:59.203,1.2619659173989457
2026/09/24 10:08:09.203,1.2625070579964852
2026/09/24 10:08:19.203,1.2612928506151144
2026/09/24 10:08:29.220,1.2606359859402463
2026/09/24 10:08:39.220,1.2604727557117752
2026/09/24 10:08:49.203,1.2623430052724078
2026/09/24 10:08:59.203,1.2606973251318103
2026/09/24 10:09:09.203,1.2599766959578207
2026/09/24 10:09:19.203,1.2585291775043936
2026/09/24 10:09:29.220,1.2582825852372583
2026/09/24 10:09:39.203,1.2565514727592269
2026/09/24 10:09:49.203,1.2597630826010546
2026/09/24 10:09:59.220,1.2575731968365556
2026/09/24 10:10:09.203,1.2565141177504395
2026/09/24 10:10:19.203,1.2568783796133567
2026/09/24 10:10:29.203,1.2565970035149385
2026/09/24 10:10:39.220,1.255645358523726
2026/09/24 10:10:49.203,1.2544777891036907
2026/09/24 10:10:59.203,1.2552686221441125
2026/09/24 10:11:09.203,1.2537838172231985
2026/09/24 10:11:19.203,1.2544294604569421
2026/09/24 10:11:29.203,1.254172530755712
2026/09/24 10:11:39.203,1.252192688927944
2026/09/24 10:11:49.203,1.252937063268893
2026/09/24 10:11:59.220,1.2514731335676625
2026/09/24 10:12:09.203,1.252215804920914
2026/09/24 10:12:19.203,1.2514894253075572
2026/09/24 10:12:29.203,1.2517709753954307
2026/09/24 10:12:39.203,1.2511678488576452
2026/09/24 10:12:49.203,1.2485794288224956
2026/09/24 10:12:59.203,1.2511664411247805
2026/09/24 10:13:09.203,1.2501678664323377
2026/09/24 10:13:19.220,1.251629021089631
2026/09/24 10:13:29.203,1.2477785729349737
2026/09/24 10:13:39.203,1.2470842970123024
2026/09/24 10:13:49.203,1.2480855571177505
2026/09/24 10:13:59.220,1.2459192882249561
2026/09/24 10:14:09.203,1.2490508365553603
2026/09/24 10:14:19.203,1.2471068506151144
2026/09/24 10:14:29.203,1.2453962196836557
2026/09/24 10:14:39.203,1.2458708383128296
2026/09/24 10:14:49.203,1.2455757434094905
2026/09/24 10:14:59.203,1.2454447891036908
2026/09/24 10:15:09.203,1.24495027943761
2026/09/24 10:15:19.220,1.2439371159929702
2026/09/24 10:15:29.203,1.2429140984182778
2026/09/24 10:15:39.203,1.245059760984183
2026/09/24 10:15:49.203,1.2416899367311072
2026/09/24 10:15:59.203,1.2423959455184534
2026/09/24 10:16:09.203,1.2438586959578208
2026/09/24 10:16:19.220,1.2403605940246045
2026/09/24 10:16:29.203,1.240748437609842
2026/09/24 10:16:39.203,1.2427378506151143
2026/09/24 10:16:49.203,1.240666172231986
2026/09/24 10:16:59.203,1.2419709947275923
2026/09/24 10:17:09.203,1.2415717100175747
2026/09/24 10:17:19.203,1.2406883268892794
2026/09/24 10:17:29.203,1.2400311757469245
2026/09/24 10:17:39.220,1.2384889437609843
2026/09/24 10:17:49.203,1.2400051124780318
2026/09/24 10:17:59.203,1.2379001107205625
2026/09/24 10:18:09.203,1.237160207381371
2026/09/24 10:18:19.203,1.2360995360281195
2026/09/24 10:18:29.203,1.23560239543058
2026/09/24 10:18:39.203,1.2369323462214412
2026/09/24 10:18:49.203,1.2373012601054483
2026/09/24 10:18:59.203,1.2362871458699474
2026/09/24 10:19:09.240,1.234391123022847
2026/09/24 10:19:19.223,1.2347897978910372
2026/09/24 10:19:29.223,1.2353085922671354
2026/09/24 10:19:39.223,1.2346486695957821
2026/09/24 10:19:49.223,1.23396618629174
2026/09/24 10:19:59.223,1.2336027715289983
2026/09/24 10:20:09.223,1.2333767363796133
2026/09/24 10:20:19.223,1.2324953040421793
2026/09/24 10:20:29.223,1.2326715131810195
2026/09/24 10:20:39.240,1.2320460597539544
2026/09/24 10:20:49.223,1.2324221177504395
2026/09/24 10:20:59.223,1.2303127785588752
2026/09/24 10:21:09.240,1.232540797891037
2026/09/24 10:21:19.223,1.2308907451669597
2026/09/24 10:21:29.223,1.2302219595782076
2026/09/24 10:21:39.223,1.2297392407732866
2026/09/24 10:21:49.240,1.2297638242530757
2026/09/24 10:21:59.223,1.2284217451669597
2026/09/24 10:22:09.223,1.2295863743409492
2026/09/24 10:22:19.223,1.2267380070298772
2026/09/24 10:22:29.240,1.2290581036906856
2026/09/24 10:22:39.223,1.2271726467486819
2026/09/24 10:22:49.223,1.2276182970123024
2026/09/24 10:22:59.223,1.226031956063269
2026/09/24 10:23:09.223,1.2257471195079086
2026/09/24 10:23:19.240,1.2269256871704746
2026/09/24 10:23:29.223,1.2266430650263622
2026/09/24 10:23:39.240,1.2255243268892795
2026/09/24 10:23:49.223,1.223359516695958
2026/09/24 10:23:59.240,1.2226532970123023
2026/09/24 10:24:09.223,1.2246753356766258
2026/09/24 10:24:19.223,1.2256327680140597
2026/09/24 10:24:29.223,1.2249136854130054
2026/09/24 10:24:39.223,1.2227695553602813
2026/09/24 10:24:49.223,1.2239242355008788
2026/09/24 10:24:59.223,1.2234298910369068
2026/09/24 10:25:09.223,1.2227471458699475
2026/09/24 10:25:19.223,1.2225690369068543
2026/09/24 10:25:29.223,1.22037818629174
2026/09/24 10:25:39.240,1.2210268594024605
2026/09/24 10:25:49.240,1.2203539121265379
2026/09/24 10:25:59.223,1.2199335940246048
2026/09/24 10:26:09.223,1.2219341353251318
2026/09/24 10:26:19.223,1.219566288224956
2026/09/24 10:26:29.223,1.2199650193321618
2026/09/24 10:26:39.223,1.218494746924429
2026/09/24 10:26:49.223,1.2186033901581723
2026/09/24 10:26:59.240,1.2183517855887525
2026/09/24 10:27:09.223,1.2165978857644992
2026/09/24 10:27:19.240,1.2164812776801406
2026/09/24 10:27:29.223,1.2158453708260106
2026/09/24 10:27:39.223,1.2169182565905097
2026/09/24 10:27:49.223,1.2168814833040422
2026/09/24 10:27:59.223,1.2167418787346223
2026/09/24 10:28:09.223,1.2150565483304043
2026/09/24 10:28:19.223,1.2168575992970123
2026/09/24 10:28:29.223,1.214985590509666
2026/09/24 10:28:39.240,1.2139951880492093
2026/09/24 10:28:49.223,1.2135640456942005
2026/09/24 10:28:59.223,1.212678970123023
2026/09/24 10:29:09.223,1.2147516291739895
2026/09/24 10:29:19.223,1.2154576836555362
2026/09/24 10:29:29.223,1.2143997100175747
2026/09/24 10:29:39.240,1.2132796871704747
2026/09/24 10:29:49.223,1.2127613989455186
2026/09/24 10:29:59.223,1.2122319806678383
2026/09/24 10:30:09.223,1.210712518453427
2026/09/24 10:30:19.223,1.2101256309314588
2026/09/24 10:30:29.223,1.2112077803163446
2026/09/24 10:30:39.223,1.2110884534270652
2026/09/24 10:30:49.223,1.210323920913884
2026/09/24 10:30:59.223,1.210031265377856
2026/09/24 10:31:09.223,1.208581149384886
2026/09/24 10:31:19.240,1.2088644077328647
2026/09/24 10:31:29.223,1.2086639543057998
2026/09/24 10:31:39.223,1.2100874112478033
2026/09/24 10:31:49.240,1.2077587662565905
2026/09/24 10:31:59.240,1.2067667697715292
2026/09/24 10:32:09.223,1.2100896572934976
2026/09/24 10:32:19.240,1.207048258347979
2026/09/24 10:32:29.223,1.2082970105448154
2026/09/24 10:32:39.223,1.205815984182777
2026/09/24 10:32:49.223,1.2068845026362038
2026/09/24 10:32:59.223,1.206906295254833
2026/09/24 10:33:09.223,1.2060259103690685
2026/09/24 10:33:19.223,1.2036481036906854
2026/09/24 10:33:29.223,1.2048122548330407
2026/09/24 10:33:39.240,1.2038367926186293
2026/09/24 10:33:49.223,1.2030003110720564
2026/09/24 10:33:59.223,1.2044723971880493
2026/09/24 10:34:09.223,1.2024594674868192
2026/09/24 10:34:19.223,1.2036149982425308
2026/09/24 10:34:29.223,1.2021066625659051
2026/09/24 10:34:39.223,1.201692288224956
2026/09/24 10:34:49.223,1.2021530087873462
2026/09/24 10:34:59.223,1.20077539543058
2026/09/24 10:35:09.240,1.2028795430579966
2026/09/24 10:35:19.223,1.2000931968365554
2026/09/24 10:35:29.223,1.2001979578207382
2026/09/24 10:35:39.240,1.1996112688927945
2026/09/24 10:35:49.223,1.1989846274165203
2026/09/24 10:35:59.240,1.199341899824253
2026/09/24 10:36:09.223,1.2002798681898068
2026/09/24 10:36:19.243,1.1993259367311073
2026/09/24 10:36:29.243,1.1971370193321618
2026/09/24 10:36:39.260,1.1970899859402462
2026/09/24 10:36:49.243,1.1970301968365555
2026/09/24 10:36:59.243,1.1971150843585239
2026/09/24 10:37:09.243,1.1965022970123025
2026/09/24 10:37:19.243,1.1967952934973638
2026/09/24 10:37:29.260,1.195960655536028
2026/09/24 10:37:39.243,1.1967378224956065
2026/09/24 10:37:49.243,1.1943008523725835
2026/09/24 10:37:59.243,1.1958066590509666
2026/09/24 10:38:09.260,1.1956769648506151
2026/09/24 10:38:19.260,1.1958653391915643
2026/09/24 10:38:29.243,1.194392847100176
2026/09/24 10:38:39.243,1.194559718804921
2026/09/24 10:38:49.243,1.1946313356766258
2026/09/24 10:38:59.243,1.1935908207381372
2026/09/24 10:39:09.260,1.1923812073813709
2026/09/24 10:39:19.243,1.1932747188049209
2026/09/24 10:39:29.260,1.1921556414762744
2026/09/24 10:39:39.243,1.1913786010544816
2026/09/24 10:39:49.243,1.191662933216169
2026/09/24 10:39:59.260,1.1927686555360282
2026/09/24 10:40:09.260,1.1901661669595784
2026/09/24 10:40:19.243,1.19036767486819
2026/09/24 10:40:29.243,1.1911188963093147
2026/09/24 10:40:39.243,1.1896613268892795
2026/09/24 10:40:49.260,1.190778525483304
2026/09/24 10:40:59.243,1.1909888857644992
2026/09/24 10:41:09.243,1.188954258347979
2026/09/24 10:41:19.260,1.1880719964850615
2026/09/24 10:41:29.243,1.1894970966608085
2026/09/24 10:41:39.260,1.1863508769771531
2026/09/24 10:41:49.243,1.1868476485061512
2026/09/24 10:41:59.243,1.1866095342706504
2026/09/24 10:42:09.243,1.1868134569420035
2026/09/24 10:42:19.243,1.1857875553602812
2026/09/24 10:42:29.243,1.1863869138840073
2026/09/24 10:42:39.243,1.1855039332161688
2026/09/24 10:42:49.260,1.1870449437609845
2026/09/24 10:42:59.243,1.183939683655536
2026/09/24 10:43:09.260,1.1855386309314588
2026/09/24 10:43:19.243,1.1842331968365554
2026/09/24 10:43:29.243,1.187073388400703
2026/09/24 10:43:39.243,1.183550818980668
2026/09/24 10:43:49.260,1.1868457240773287
2026/09/24 10:43:59.243,1.1821361195079088
2026/09/24 10:44:09.243,1.1809017820738137
2026/09/24 10:44:19.260,1.1818534446397189
2026/09/24 10:44:29.243,1.181723717047452
2026/09/24 10:44:39.243,1.1796054253075572
2026/09/24 10:44:49.243,1.1807361546572936
2026/09/24 10:44:59.243,1.1800303057996486
2026/09/24 10:45:09.243,1.1809580369068542
2026/09/24 10:45:19.260,1.1810309455184536
2026/09/24 10:45:29.243,1.178463991212654
2026/09/24 10:45:39.260,1.18033551142355
2026/09/24 10:45:49.243,1.1804993479789105
2026/09/24 10:45:59.260,1.180818128295255
2026/09/24 10:46:09.260,1.1817698172231987
2026/09/24 10:46:19.243,1.1813355289982426
2026/09/24 10:46:29.243,1.1774847152899826
2026/09/24 10:46:39.260,1.1767337961335678
2026/09/24 10:46:49.243,1.1783931107205625
2026/09/24 10:46:59.243,1.1777546994727595
2026/09/24 10:47:09.243,1.1780985377855888
2026/09/24 10:47:19.243,1.1769324270650263
2026/09/24 10:47:29.243,1.174259848857645
2026/09/24 10:47:39.243,1.1769316098418279
2026/09/24 10:47:49.243,1.1754567135325134
2026/09/24 10:47:59.243,1.17616460456942
2026/09/24 10:48:09.243,1.175414374340949
2026/09/24 10:48:19.243,1.1750238998242533
2026/09/24 10:48:29.243,1.1746944217926187
2026/09/24 10:48:39.243,1.173870660808436
2026/09/24 10:48:49.260,1.174447019332162
2026/09/24 10:48:59.260,1.1735555483304043
2026/09/24 10:49:09.243,1.1732000773286468
2026/09/24 10:49:19.260,1.1725987398945519
2026/09/24 10:49:29.243,1.1716698031634447
2026/09/24 10:49:39.243,1.172151502636204
2026/09/24 10:49:49.260,1.1724127926186292
2026/09/24 10:49:59.243,1.171667200351494
2026/09/24 10:50:09.260,1.170278919156415
2026/09/24 10:50:19.243,1.1710656168717049
2026/09/24 10:50:29.243,1.1701729753954306
2026/09/24 10:50:39.260,1.1708216432337435
2026/09/24 10:50:49.243,1.169206985940246
2026/09/24 10:50:59.243,1.1690210228471003
2026/09/24 10:51:09.243,1.1696804393673113
2026/09/24 10:51:19.260,1.1689255079086116
2026/09/24 10:51:29.243,1.1673024411247803
2026/09/24 10:51:39.243,1.1701736010544816
2026/09/24 10:51:49.243,1.1675707891036906
2026/09/24 10:51:59.226,1.1678993268892794
2026/09/24 10:52:09.226,1.1670539595782075
2026/09/24 10:52:19.226,1.1665574499121265
2026/09/24 10:52:29.226,1.1661700017574692
2026/09/24 10:52:39.226,1.164205379613357
2026/09/24 10:52:49.226,1.1663577732864676
2026/09/24 10:52:59.226,1.1660284622144113
2026/09/24 10:53:09.226,1.167347337434095
2026/09/24 10:53:19.243,1.1638874024604569
2026/09/24 10:53:29.247,1.1646166924428825
2026/09/24 10:53:39.247,1.1640713971880494
2026/09/24 10:53:49.264,1.1666503936731107
2026/09/24 10:53:59.247,1.1637095043936732
2026/09/24 10:54:09.247,1.1631441019332163
2026/09/24 10:54:19.264,1.163004458699473
2026/09/24 10:54:29.247,1.1646866239015818
2026/09/24 10:54:39.247,1.1622854288224957
2026/09/24 10:54:49.247,1.162379818980668
2026/09/24 10:54:59.247,1.1601883198594025
2026/09/24 10:55:09.247,1.1615436924428824
2026/09/24 10:55:19.247,1.1613308822495607
2026/09/24 10:55:29.247,1.1602494481546572
2026/09/24 10:55:39.247,1.1610020228471003
2026/09/24 10:55:49.247,1.1597769314586994
2026/09/24 10:55:59.247,1.1613672390158174
2026/09/24 10:56:09.247,1.1589529314586997
2026/09/24 10:56:19.247,1.158576834797891
2026/09/24 10:56:29.247,1.157139746924429
2026/09/24 10:56:39.247,1.1572095782073815
2026/09/24 10:56:49.247,1.1574796291739895
2026/09/24 10:56:59.247,1.158292177504394
2026/09/24 10:57:09.247,1.1593640456942005
2026/09/24 10:57:19.247,1.1598708664323374
2026/09/24 10:57:29.247,1.1570336449912129
2026/09/24 10:57:39.247,1.1561038822495606
2026/09/24 10:57:49.247,1.1571148172231986
2026/09/24 10:57:59.247,1.1565856801405976
2026/09/24 10:58:09.247,1.1571850105448156
2026/09/24 10:58:19.264,1.1569991933216168
2026/09/24 10:58:29.247,1.1573379912126538
2026/09/24 10:58:39.247,1.155089891036907
2026/09/24 10:58:49.247,1.1564193356766257
2026/09/24 10:58:59.264,1.1559488277680143
2026/09/24 10:59:09.247,1.1540183268892794
2026/09/24 10:59:19.247,1.1540888804920915
2026/09/24 10:59:29.247,1.1549025008787348
2026/09/24 10:59:39.264,1.154149775043937
2026/09/24 10:59:49.247,1.1546327662565905
2026/09/24 10:59:59.247,1.1529480404217927
2026/09/24 11:00:09.247,1.1529733778558875
2026/09/24 11:00:19.264,1.1512291687170475
2026/09/24 11:00:29.247,1.1507937891036908
2026/09/24 11:00:39.247,1.1515114288224957
2026/09/24 11:00:49.247,1.1518517574692444
2026/09/24 11:00:59.247,1.1513469648506152
2026/09/24 11:01:09.247,1.1517216502636205
2026/09/24 11:01:19.247,1.1502784130052726
2026/09/24 11:01:29.247,1.1494977662565906
2026/09/24 11:01:39.247,1.1509480228471003
2026/09/24 11:01:49.247,1.1491328804920915
2026/09/24 11:01:59.247,1.149109272407733
2026/09/24 11:02:09.247,1.1495309209138842
2026/09/24 11:02:19.247,1.1503120615114237
2026/09/24 11:02:29.247,1.1479781687170476
2026/09/24 11:02:39.247,1.1474126731107206
2026/09/24 11:02:49.247,1.14793037258348
2026/09/24 11:02:59.247,1.1474138523725836
2026/09/24 11:03:09.247,1.1477446854130053
2026/09/24 11:03:19.247,1.1473578224956065
2026/09/24 11:03:29.247,1.1470722425307558
2026/09/24 11:03:39.247,1.1468954499121267
2026/09/24 11:03:49.247,1.1477190000000002
2026/09/24 11:03:59.247,1.1451548312829527
2026/09/24 11:04:09.247,1.1453888066783833
2026/09/24 11:04:19.247,1.1459886590509667
2026/09/24 11:04:29.247,1.1449912108963094
2026/09/24 11:04:39.247,1.1437296643233743
2026/09/24 11:04:49.247,1.1441519666080844
2026/09/24 11:04:59.247,1.1458247434094904
2026/09/24 11:05:09.247,1.144894818980668
2026/09/24 11:05:19.247,1.1444459156414764
2026/09/24 11:05:29.247,1.1442928945518454
2026/09/24 11:05:39.247,1.143457992970123
2026/09/24 11:05:49.247,1.1430214042179263
2026/09/24 11:05:59.264,1.1430443181019332
2026/09/24 11:06:09.247,1.1426694586994728
2026/09/24 11:06:19.247,1.1415500738137083
2026/09/24 11:06:29.247,1.1425128365553603
2026/09/24 11:06:39.247,1.1417135272407732
2026/09/24 11:06:49.247,1.1416336520210897
2026/09/24 11:06:59.247,1.1399001739894552
2026/09/24 11:07:09.247,1.1397470193321617
2026/09/24 11:07:19.247,1.139042725834798
2026/09/24 11:07:29.247,1.1405721159929703
2026/09/24 11:07:39.264,1.139679244288225
2026/09/24 11:07:49.247,1.1400218717047454
2026/09/24 11:07:59.264,1.1374862530755714
2026/09/24 11:08:09.247,1.1401250949033392
2026/09/24 11:08:19.247,1.1380307961335678
2026/09/24 11:08:29.247,1.1380424042179262
2026/09/24 11:08:39.247,1.1382790685413005
2026/09/24 11:08:49.247,1.1361945061511425
2026/09/24 11:08:59.247,1.135097358523726
2026/09/24 11:09:09.247,1.1359084147627418
2026/09/24 11:09:19.247,1.13605269771529
2026/09/24 11:09:29.247,1.1357082829525484
2026/09/24 11:09:39.247,1.134345553602812
2026/09/24 11:09:49.247,1.1343331704745168
2026/09/24 11:09:59.247,1.1349206063268893
2026/09/24 11:10:09.264,1.135615625659051
2026/09/24 11:10:19.247,1.1349085061511424
2026/09/24 11:10:29.247,1.135909200351494
2026/09/24 11:10:39.267,1.1348864077328649
2026/09/24 11:10:49.267,1.1353225500878736
2026/09/24 11:10:59.267,1.1340386309314587
2026/09/24 11:11:09.267,1.1329074622144113
2026/09/24 11:11:19.267,1.1349563075571178
2026/09/24 11:11:29.267,1.132859811950791
2026/09/24 11:11:39.267,1.1329905834797893
2026/09/24 11:11:49.267,1.1309188101933216
2026/09/24 11:11:59.267,1.1301671089630934
2026/09/24 11:12:09.267,1.132176249560633
2026/09/24 11:12:19.267,1.1305293725834797
2026/09/24 11:12:29.267,1.1320244112478033
2026/09/24 11:12:39.267,1.129860281195079
2026/09/24 11:12:49.267,1.1307548014059756
2026/09/24 11:12:59.267,1.1293842179261864
2026/09/24 11:13:09.267,1.1305059086115994
2026/09/24 11:13:19.267,1.131271137082601
2026/09/24 11:13:29.284,1.1312357065026362
2026/09/24 11:13:39.267,1.1290116326889281
2026/09/24 11:13:49.267,1.1280346713532514
2026/09/24 11:13:59.267,1.1290008717047453
2026/09/24 11:14:09.267,1.1290720123022848
2026/09/24 11:14:19.267,1.1293871933216169
2026/09/24 11:14:29.267,1.12711537258348
2026/09/24 11:14:39.267,1.1277610597539545
2026/09/24 11:14:49.267,1.128411195079086
2026/09/24 11:14:59.267,1.1266544499121267
2026/09/24 11:15:09.267,1.126599632688928
2026/09/24 11:15:19.267,1.1256079332161688
2026/09/24 11:15:29.267,1.1249482688927945
2026/09/24 11:15:39.267,1.1270189068541303
2026/09/24 11:15:49.267,1.126843978910369
2026/09/24 11:15:59.267,1.1272331564147628
2026/09/24 11:16:09.284,1.1255037891036908
2026/09/24 11:16:19.267,1.1251375799648506
2026/09/24 11:16:29.267,1.125503005272408
2026/09/24 11:16:39.267,1.1250092583479792
2026/09/24 11:16:49.267,1.1260092741652021
2026/09/24 11:16:59.267,1.1242797398945519
2026/09/24 11:17:09.267,1.1236417170474517
2026/09/24 11:17:19.267,1.1226149964850616
2026/09/24 11:17:29.284,1.121535739894552
2026/09/24 11:17:39.267,1.122003898066784
2026/09/24 11:17:49.267,1.121842272407733
2026/09/24 11:17:59.267,1.1223557855887523
2026/09/24 11:18:09.267,1.1231688664323376
2026/09/24 11:18:19.267,1.1211237926186293
2026/09/24 11:18:29.267,1.1211589824253076
2026/09/24 11:18:39.267,1.1213802917398947
2026/09/24 11:18:49.267,1.1214757240773288
2026/09/24 11:18:59.267,1.1206298804920913
2026/09/24 11:19:09.267,1.120933811950791
2026/09/24 11:19:19.284,1.12048581370826
2026/09/24 11:19:29.267,1.1218641739894553
2026/09/24 11:19:39.267,1.1194966203866432
2026/09/24 11:19:49.267,1.1198518066783834
2026/09/24 11:19:59.284,1.1185433848857647
2026/09/24 11:20:09.267,1.1204382864674869
2026/09/24 11:20:19.267,1.119059992970123
2026/09/24 11:20:29.267,1.117942572934974
2026/09/24 11:20:39.267,1.1164472249560635
2026/09/24 11:20:49.267,1.1177179033391917
2026/09/24 11:20:59.267,1.1174591036906856
2026/09/24 11:21:09.267,1.1164471370826012
2026/09/24 11:21:19.267,1.1151279894551847
2026/09/24 11:21:29.267,1.1170013286467486
2026/09/24 11:21:39.267,1.1163310456942004
2026/09/24 11:21:49.267,1.1155055079086116
2026/09/24 11:21:59.267,1.115895753954306
2026/09/24 11:22:09.267,1.1166704833040422
2026/09/24 11:22:19.284,1.1147526660808438
2026/09/24 11:22:29.284,1.1155051757469245
2026/09/24 11:22:39.267,1.1147287434094904
2026/09/24 11:22:49.267,1.1169306168717048
2026/09/24 11:22:59.267,1.114303748681898
2026/09/24 11:23:09.267,1.115644683655536
2026/09/24 11:23:19.284,1.1122456502636204
2026/09/24 11:23:29.267,1.1139396783831284
2026/09/24 11:23:39.267,1.105039444639719
2026/09/24 11:23:49.267,1.1130681968365554
2026/09/24 11:23:59.284,1.1114299543058
2026/09/24 11:24:09.267,1.1125976203866434
2026/09/24 11:24:19.267,1.111385123022847
2026/09/24 11:24:29.267,1.1107613216168717
2026/09/24 11:24:39.267,1.1115853356766259
2026/09/24 11:24:49.267,1.1109267574692443
2026/09/24 11:24:59.284,1.111173971880492
2026/09/24 11:25:09.267,1.1115937750439369
2026/09/24 11:25:19.267,1.1121610527240775
2026/09/24 11:25:29.267,1.1099598014059755
2026/09/24 11:25:39.267,1.1099124551845343
2026/09/24 11:25:49.267,1.110443876977153
2026/09/24 11:25:59.267,1.1103022601054482
2026/09/24 11:26:09.267,1.1080267275922673
2026/09/24 11:26:19.267,1.1079588119507908
2026/09/24 11:26:29.284,1.1085012319859404
2026/09/24 11:26:39.267,1.1065567082601055
2026/09/24 11:26:49.267,1.1079590615114236
2026/09/24 11:26:59.267,1.1089228383128296
2026/09/24 11:27:09.267,1.108253049209139
2026/09/24 11:27:19.267,1.107286942003515
2026/09/24 11:27:29.267,1.1074760966608086
2026/09/24 11:27:39.267,1.1061111528998242
2026/09/24 11:27:49.267,1.1070515395430582
2026/09/24 11:27:59.304,1.1063566801405975
2026/09/24 11:28:09.287,1.105452230228471
2026/09/24 11:28:19.287,1.1059467275922672
2026/09/24 11:28:29.287,1.1056984007029877
2026/09/24 11:28:39.287,1.1078869947275922
2026/09/24 11:28:49.304,1.1065225325131811
2026/09/24 11:28:59.287,1.105309193321617
2026/09/24 11:29:09.287,1.1057313409490335
2026/09/24 11:29:19.287,1.1029650316344466
2026/09/24 11:29:29.287,1.103589553602812
2026/09/24 11:29:39.287,1.1030718453427066
2026/09/24 11:29:49.287,1.1044396151142357
2026/09/24 11:29:59.287,1.103906316344464
2026/09/24 11:30:09.287,1.1036389455184534
2026/09/24 11:30:19.304,1.1016238927943762
2026/09/24 11:30:29.287,1.1016127820738137
2026/09/24 11:30:39.304,1.1031786115992972
2026/09/24 11:30:49.287,1.101834100175747
2026/09/24 11:30:59.287,1.1001287082601054
2026/09/24 11:31:09.287,1.1020477961335677
2026/09/24 11:31:19.287,1.1014694973637962
2026/09/24 11:31:29.287,1.1024948014059754
2026/09/24 11:31:39.304,1.1016229173989456
2026/09/24 11:31:49.304,1.098915249560633
2026/09/24 11:31:59.287,1.099833388400703
2026/09/24 11:32:09.287,1.102129840070299
2026/09/24 11:32:19.287,1.1012108752196839
2026/09/24 11:32:29.304,1.0999974727592268
2026/09/24 11:32:39.287,1.0991511476274165
2026/09/24 11:32:49.287,1.0997284815465729
2026/09/24 11:32:59.287,1.0989031792618629
2026/09/24 11:33:09.287,1.099916818980668
2026/09/24 11:33:19.287,1.0991410615114237
2026/09/24 11:33:29.287,1.097785797891037
2026/09/24 11:33:39.287,1.0976683567662566
2026/09/24 11:33:49.287,1.098066065026362
2026/09/24 11:33:59.287,1.0987267293497365
2026/09/24 11:34:09.287,1.0974343216168718
2026/09/24 11:34:19.287,1.0953839367311073
2026/09/24 11:34:29.304,1.0974784376098419
2026/09/24 11:34:39.304,1.096688339191564
2026/09/24 11:34:49.304,1.0965341687170476
2026/09/24 11:34:59.287,1.0963629086115994
2026/09/24 11:35:09.287,1.0979396731107205
2026/09/24 11:35:19.287,1.095135949033392
2026/09/24 11:35:29.287,1.0954430984182777
2026/09/24 11:35:39.287,1.0970332899824253
2026/09/24 11:35:49.287,1.0966671388400704
2026/09/24 11:35:59.287,1.0948425360281195
2026/09/24 11:36:09.287,1.0951138453427067
2026/09/24 11:36:19.287,1.0943830843585238
2026/09/24 11:36:29.287,1.0946428611599297
2026/09/24 11:36:39.287,1.0961950316344466
2026/09/24 11:36:49.287,1.0950288857644992
2026/09/24 11:36:59.287,1.0928870667838313
2026/09/24 11:37:09.287,1.0942640562390158
2026/09/24 11:37:19.287,1.0949724797891038
2026/09/24 11:37:29.287,1.0933472337434096
2026/09/24 11:37:39.287,1.0942299859402462
2026/09/24 11:37:49.287,1.0918872407732867
2026/09/24 11:37:59.287,1.0930034007029878
2026/09/24 11:38:09.287,1.0919584551845343
2026/09/24 11:38:19.287,1.0916389191564149
2026/09/24 11:38:29.287,1.0915434833040423
2026/09/24 11:38:39.287,1.0911917574692445
2026/09/24 11:38:49.287,1.0923579068541303
2026/09/24 11:38:59.287,1.0925448347978912
2026/09/24 11:39:09.287,1.0912737873462215
2026/09/24 11:39:19.287,1.0916599332161687
2026/09/24 11:39:29.287,1.0917695272407733
2026/09/24 11:39:39.287,1.0928163427065027
2026/09/24 11:39:49.287,1.0895539191564148
2026/09/24 11:39:59.287,1.0892498014059755
2026/09/24 11:40:09.287,1.0888700087873462
2026/09/24 11:40:19.287,1.0889890017574693
2026/09/24 11:40:29.287,1.090309393673111
2026/09/24 11:40:39.287,1.0874476801405975
2026/09/24 11:40:49.287,1.0902150808435853
2026/09/24 11:40:59.287,1.0887980000000002
2026/09/24 11:41:09.287,1.0889087785588754
2026/09/24 11:41:19.287,1.0862347750439367
2026/09/24 11:41:29.287,1.0872820984182778
2026/09/24 11:41:39.287,1.0851031177504395
2026/09/24 11:41:49.287,1.0854444991212655
2026/09/24 11:41:59.287,1.0868454534270653
2026/09/24 11:42:09.287,1.0861983181019332
2026/09/24 11:42:19.287,1.0875420492091388
2026/09/24 11:42:29.287,1.0855528014059754
2026/09/24 11:42:39.287,1.0853638014059754
2026/09/24 11:42:49.287,1.0866574727592266
2026/09/24 11:42:59.287,1.0852478734622146
2026/09/24 11:43:09.287,1.0833141177504395
2026/09/24 11:43:19.287,1.0851763778558876
2026/09/24 11:43:29.287,1.083751028119508
2026/09/24 11:43:39.287,1.085198409490334
2026/09/24 11:43:49.287,1.0848489384885767
2026/09/24 11:43:59.287,1.0832443550087874
2026/09/24 11:44:09.287,1.0837750949033393
2026/09/24 11:44:19.287,1.0858824481546574
2026/09/24 11:44:29.287,1.084021330404218
2026/09/24 11:44:39.304,1.084363985940246
2026/09/24 11:44:49.287,1.0835002530755713
2026/09/24 11:44:59.287,1.0836212794376099
2026/09/24 11:45:09.308,1.0838434323374342
2026/09/24 11:45:19.308,1.0825753620386644
2026/09/24 11:45:29.308,1.0826061054481548
2026/09/24 11:45:39.308,1.0823963848857645
2026/09/24 11:45:49.308,1.080346920913884
2026/09/24 11:45:59.308,1.083926467486819
2026/09/24 11:46:09.308,1.082182776801406
2026/09/24 11:46:19.308,1.082598516695958
2026/09/24 11:46:29.308,1.0827485975395432
2026/09/24 11:46:39.324,1.0818890105448156
2026/09/24 11:46:49.308,1.0804413391915642
2026/09/24 11:46:59.308,1.0811841739894552
2026/09/24 11:47:09.308,1.0806538101933216
2026/09/24 11:47:19.324,1.080077374340949
2026/09/24 11:47:29.324,1.0800293919156416
2026/09/24 11:47:39.308,1.07805258172232
2026/09/24 11:47:49.308,1.0787563620386644
2026/09/24 11:47:59.308,1.0793477785588754
2026/09/24 11:48:09.308,1.0783222161687172
2026/09/24 11:48:19.324,1.0798903936731108
2026/09/24 11:48:29.308,1.079428804920914
2026/09/24 11:48:39.308,1.0786069455184535
2026/09/24 11:48:49.324,1.0774620527240775
2026/09/24 11:48:59.308,1.0783102425307558
2026/09/24 11:49:09.308,1.0770865571177506
2026/09/24 11:49:19.291,1.0770500843585238
2026/09/24 11:49:29.308,1.0762152231985942
2026/09/24 11:49:39.291,1.0781944200351494
2026/09/24 11:49:49.291,1.0781106045694202
2026/09/24 11:49:59.291,1.0775801933216171
2026/09/24 11:50:09.291,1.07920388400703
2026/09/24 11:50:19.291,1.0793115869947278
2026/09/24 11:50:29.291,1.0764375272407734
2026/09/24 11:50:39.291,1.078533632688928
2026/09/24 11:50:49.291,1.080324964850615
2026/09/24 11:50:59.291,1.0799242179261865
2026/09/24 11:51:09.291,1.0800297434094905
2026/09/24 11:51:19.308,1.0804311124780317
2026/09/24 11:51:29.291,1.0803579490333919
2026/09/24 11:51:39.308,1.0814523567662566
2026/09/24 11:51:49.291,1.0819242091388401
2026/09/24 11:51:59.291,1.0828205588752198
2026/09/24 11:52:09.291,1.0820315905096662
2026/09/24 11:52:19.291,1.8489236379613359
2026/09/24 11:52:29.291,16.40517121265378
2026/09/24 11:52:39.291,18.87808769771529
2026/09/24 11:52:49.291,19.158232161687174
2026/09/24 11:52:59.308,19.273179086115995
2026/09/24 11:53:09.291,19.340242882249562
2026/09/24 11:53:19.291,19.3633625659051
2026/09/24 11:53:29.291,19.39114956063269
2026/09/24 11:53:39.308,19.412119507908614
2026/09/24 11:53:49.291,19.434682249560634
2026/09/24 11:53:59.291,19.469758875219686
2026/09/24 11:54:09.291,19.464701405975397
2026/09/24 11:54:19.291,19.467118804920915
2026/09/24 11:54:29.291,19.483759226713534
2026/09/24 11:54:39.291,19.213989630931458
2026/09/24 11:54:49.308,17.45205265377856
2026/09/24 11:54:59.308,15.95511272407733
2026/09/24 11:55:09.291,14.607126467486822
2026/09/24 11:55:19.291,13.394991898066785
2026/09/24 11:55:29.291,12.306175641476274
2026/09/24 11:55:39.291,11.284603040421793
2026/09/24 11:55:49.291,10.360041950790862
2026/09/24 11:55:59.291,9.501315764499122
2026/09/24 11:56:09.291,8.722621476274165
2026/09/24 11:56:19.291,8.012429121265379
2026/09/24 11:56:29.291,7.377084674868191
2026/09/24 11:56:39.291,6.781740333919157
2026/09/24 11:56:49.291,6.243906362038665
2026/09/24 11:56:59.291,5.744266221441125
2026/09/24 11:57:09.291,5.284941405975396
2026/09/24 11:57:19.291,4.868351933216169
2026/09/24 11:57:29.291,4.474906660808436
2026/09/24 11:57:39.291,4.119759156414763
2026/09/24 11:57:49.291,3.802848752196837
2026/09/24 11:57:59.291,3.4994999121265384
2026/09/24 11:58:09.308,3.224117609841828
2026/09/24 11:58:19.308,2.9731659402460457
2026/09/24 11:58:29.291,2.73809230228471
2026/09/24 11:58:39.291,2.5288222319859406
2026/09/24 11:58:49.291,2.3307115992970124
2026/09/24 11:58:59.291,2.151523075571178
2026/09/24 11:59:09.291,1.986751933216169
2026/09/24 11:59:19.291,1.834948804920914
2026/09/24 11:59:29.291,1.6959653831282953
2026/09/24 11:59:39.291,1.5675792882249562
2026/09/24 11:59:49.291,1.4488114130052725
2026/09/24 11:59:59.291,1.342515251318102
2026/09/24 12:00:09.308,1.2450208277680141
2026/09/24 12:00:19.291,1.152124690685413
2026/09/24 12:00:29.291,1.0752844551845344
2026/09/24 12:00:39.291,1.0495706994727594
2026/09/24 12:00:49.308,1.034367567662566
2026/09/24 12:00:59.291,1.0218885272407734
2026/09/24 12:01:09.308,1.0105861282952548
2026/09/24 12:01:19.291,1.0000124147627418
2026/09/24 12:01:29.291,0.9899797346221443
2026/09/24 12:01:39.291,0.9824917539543059
2026/09/24 12:01:49.291,0.9756843936731108
2026/09/24 12:01:59.291,0.9692801528998244
2026/09/24 12:02:09.291,0.964584158172232
2026/09/24 12:02:19.311,0.9598137012302286
2026/09/24 12:02:29.311,0.9564482179261865
2026/09/24 12:02:39.311,0.949769746924429
2026/09/24 12:02:49.311,0.9468161318101934
2026/09/24 12:02:59.327,0.9454143163444642
2026/09/24 12:03:09.311,0.9422341599297014
2026/09/24 12:03:19.311,0.9384195641476275
2026/09/24 12:03:29.311,0.9363254973637962
2026/09/24 12:03:39.311,0.9348669437609842
2026/09/24 12:03:49.311,0.9328758506151142
2026/09/24 12:03:59.311,0.9330411036906855
2026/09/24 12:04:09.311,0.9324263005272408
2026/09/24 12:04:19.311,0.9300731318101934
2026/09/24 12:04:29.311,0.9304258189806679
2026/09/24 12:04:39.311,0.9282012618629175
2026/09/24 12:04:49.311,0.9278481827768015
2026/09/24 12:04:59.311,0.9284725289982426
2026/09/24 12:05:09.327,0.9273170404217926
2026/09/24 12:05:19.311,0.9286366449912128
2026/09/24 12:05:29.327,0.9298728892794377
2026/09/24 12:05:39.311,0.9290132688927946
2026/09/24 12:05:49.311,0.9297568488576451
2026/09/24 12:05:59.311,0.9292015887521969
2026/09/24 12:06:09.311,0.9283910123022848
2026/09/24 12:06:19.311,0.9282473602811951
2026/09/24 12:06:29.311,0.9300498910369069
2026/09/24 12:06:39.311,0.9307795079086116
2026/09/24 12:06:49.311,0.9330040615114237
2026/09/24 12:06:59.311,0.9300504780316344
2026/09/24 12:07:09.311,0.9303918260105448
2026/09/24 12:07:19.311,0.9323936994727592
2026/09/24 12:07:29.311,0.9302971546572936
2026/09/24 12:07:39.311,0.9315926713532515
2026/09/24 12:07:49.327,0.9328040123022848
2026/09/24 12:07:59.311,0.9322504007029877
2026/09/24 12:08:09.311,0.9307537750439369
2026/09/24 12:08:19.311,0.9319934288224957
2026/09/24 12:08:29.311,0.9326869859402461
2026/09/24 12:08:39.327,0.9326598330404218
2026/09/24 12:08:49.311,0.933159409490334
2026/09/24 12:08:59.311,0.9330040175746925
2026/09/24 12:09:09.311,0.9325818224956063
2026/09/24 12:09:19.311,0.934922481546573
2026/09/24 12:09:29.311,0.9333702319859404
2026/09/24 12:09:39.327,0.9341002829525484
2026/09/24 12:09:49.311,0.9328650790861159
2026/09/24 12:09:59.311,0.934300862917399
2026/09/24 12:10:09.311,0.9336864130052724
2026/09/24 12:10:19.311,0.9342871968365555
2026/09/24 12:10:29.311,0.9347585905096661
2026/09/24 12:10:39.311,0.9337576326889281
2026/09/24 12:10:49.311,0.9351926045694202
2026/09/24 12:10:59.327,0.9344310456942003
2026/09/24 12:11:09.311,0.9341599876977154
2026/09/24 12:11:19.311,0.9349819964850616
2026/09/24 12:11:29.311,0.9358180544815465
2026/09/24 12:11:39.311,0.9348427082601055
2026/09/24 12:11:49.311,0.9352535571177506
2026/09/24 12:11:59.311,0.9330633391915643
2026/09/24 12:12:09.311,0.934983567662566
2026/09/24 12:12:19.327,0.9346866221441126
2026/09/24 12:12:29.311,0.9348989209138842
2026/09/24 12:12:39.311,0.9359118031634447
2026/09/24 12:12:49.311,0.9335140808435852
2026/09/24 12:12:59.311,0.9327460492091388
2026/09/24 12:13:09.311,0.9352404762741652
2026/09/24 12:13:19.311,0.9363954534270652
2026/09/24 12:13:29.311,0.9353243673110722
2026/09/24 12:13:39.311,0.9375487891036909
2026/09/24 12:13:49.311,0.9351715377855889
2026/09/24 12:13:59.311,0.9356416485061512
2026/09/24 12:14:09.311,0.9369262179261864
2026/09/24 12:14:19.311,0.9353140228471003
2026/09/24 12:14:29.311,0.93738439543058
2026/09/24 12:14:39.311,0.9384106063268893
2026/09/24 12:14:49.311,0.9367365905096661
2026/09/24 12:14:59.311,0.9369988822495607
2026/09/24 12:15:09.311,0.9369831775043939
2026/09/24 12:15:19.311,0.9378090087873462
2026/09/24 12:15:29.311,0.9377508506151143
2026/09/24 12:15:39.311,0.9369246010544816
2026/09/24 12:15:49.311,0.9374789367311074
2026/09/24 12:15:59.311,0.937972632688928
2026/09/24 12:16:09.311,0.9371979472759226
2026/09/24 12:16:19.311,0.9373378383128296
2026/09/24 12:16:29.327,0.9391750298769771
2026/09/24 12:16:39.327,0.9373484692442884
2026/09/24 12:16:49.311,0.9377962478031635
2026/09/24 12:16:59.311,0.9367981985940246
2026/09/24 12:17:09.327,0.938834430579965
2026/09/24 12:17:19.311,0.9382082847100176
2026/09/24 12:17:29.311,0.9398577785588753
2026/09/24 12:17:39.311,0.9390338646748683
2026/09/24 12:17:49.311,0.9374921318101933
2026/09/24 12:17:59.311,0.9398676115992971
2026/09/24 12:18:09.311,0.9389645817223199
2026/09/24 12:18:19.311,0.9372671880492092
2026/09/24 12:18:29.311,0.9388674112478034
2026/09/24 12:18:39.311,0.9389990632688928
2026/09/24 12:18:49.327,0.939468797891037
2026/09/24 12:18:59.311,0.938598035149385
2026/09/24 12:19:09.311,0.9392937029876978
2026/09/24 12:19:19.311,0.9401639894551845
2026/09/24 12:19:29.343,0.9406217012302286
2026/09/24 12:19:39.360,0.9385023409490335
2026/09/24 12:19:49.343,0.9403990456942005
2026/09/24 12:19:59.343,0.9402441476274166
2026/09/24 12:20:09.343,0.9414587785588754
2026/09/24 12:20:19.343,0.9388803620386643
2026/09/24 12:20:29.343,0.9403896239015818
2026/09/24 12:20:39.343,0.9409037205623902
2026/09/24 12:20:49.343,0.940043251318102
2026/09/24 12:20:59.343,0.9405165166959579
2026/09/24 12:21:09.360,0.9414101827768014
2026/09/24 12:21:19.343,0.9410444428822496
2026/09/24 12:21:29.343,0.9402442231985941
2026/09/24 12:21:39.343,0.9414221458699473
2026/09/24 12:21:49.343,0.9402697715289984
2026/09/24 12:21:59.343,0.9394217100175747
2026/09/24 12:22:09.343,0.9410935764499122
2026/09/24 12:22:19.343,0.9407028980667839
2026/09/24 12:22:29.343,0.9400324358523727
2026/09/24 12:22:39.343,0.9405407680140597
2026/09/24 12:22:49.343,0.9393861845342707
2026/09/24 12:22:59.343,0.9377380035149385
2026/09/24 12:23:09.343,0.9375861230228473
2026/09/24 12:23:19.343,0.9381025729349738
2026/09/24 12:23:29.343,0.9388569648506153
2026/09/24 12:23:39.343,0.9381609929701231
2026/09/24 12:23:49.343,0.9387953673110722
2026/09/24 12:23:59.343,0.9368442882249561
2026/09/24 12:24:09.343,0.9363943708260106
2026/09/24 12:24:19.360,0.9379020123022849
2026/09/24 12:24:29.343,0.9368665694200352
2026/09/24 12:24:39.343,0.9372904077328648
2026/09/24 12:24:49.343,0.9376313110720563
2026/09/24 12:24:59.343,0.9367738734622144
2026/09/24 12:25:09.343,0.9353101950790861
2026/09/24 12:25:19.343,0.9369016924428824
2026/09/24 12:25:29.360,0.9350773778558875
2026/09/24 12:25:39.343,0.9356413866432339
2026/09/24 12:25:49.343,0.9355597065026363
2026/09/24 12:25:59.343,0.9357130544815467
2026/09/24 12:26:09.343,0.9348769472759227
2026/09/24 12:26:19.343,0.9359953532513181
2026/09/24 12:26:29.343,0.934617797891037
2026/09/24 12:26:39.343,0.9364095061511424
2026/09/24 12:26:49.343,0.936090919156415
2026/09/24 12:26:59.360,0.9347350087873464
2026/09/24 12:27:09.343,0.9352402337434095
2026/09/24 12:27:19.343,0.9338994551845344
2026/09/24 12:27:29.360,0.9326149068541301
2026/09/24 12:27:39.343,0.9354533181019333
2026/09/24 12:27:49.343,0.936076725834798
2026/09/24 12:27:59.360,0.932934107205624
2026/09/24 12:28:09.343,0.9338640509666081
2026/09/24 12:28:19.343,0.932863711775044
2026/09/24 12:28:29.343,0.9300720228471002
2026/09/24 12:28:39.343,0.932510402460457
2026/09/24 12:28:49.343,0.9322393040421794
2026/09/24 12:28:59.343,0.9320265114235501
2026/09/24 12:29:09.343,0.9329340369068543
2026/09/24 12:29:19.343,0.9341711687170476
2026/09/24 12:29:29.343,0.9333356783831284
2026/09/24 12:29:39.360,0.9319451265377857
2026/09/24 12:29:49.343,0.9308977750439368
2026/09/24 12:29:59.343,0.9311886836555361
2026/09/24 12:30:09.343,0.931684963093146
2026/09/24 12:30:19.343,0.9303554235500879
2026/09/24 12:30:29.343,0.932086065026362
2026/09/24 12:30:39.343,0.9316867557117752
2026/09/24 12:30:49.343,0.9320375641476275
2026/09/24 12:30:59.343,0.9293412583479791
2026/09/24 12:31:09.343,0.9292929103690687
2026/09/24 12:31:19.360,0.929260223198594
2026/09/24 12:31:29.343,0.9291081089630931
2026/09/24 12:31:39.343,0.9305920123022847
2026/09/24 12:31:49.343,0.9292961968365555
2026/09/24 12:31:59.343,0.9298609297012302
2026/09/24 12:32:09.343,0.9303907434094905
2026/09/24 12:32:19.343,0.929943021089631
2026/09/24 12:32:29.343,0.9292606766256591
2026/09/24 12:32:39.343,0.9281874235500879
2026/09/24 12:32:49.360,0.9281422759226715
2026/09/24 12:32:59.343,0.9287903145869948
2026/09/24 12:33:09.360,0.9284488646748683
2026/09/24 12:33:19.343,0.9273158347978911
2026/09/24 12:33:29.343,0.9298837855887523
2026/09/24 12:33:39.343,0.9281058014059755
2026/09/24 12:33:49.343,0.9263406063268894
2026/09/24 12:33:59.343,0.9288149648506152
2026/09/24 12:34:09.343,0.9277039701230229
2026/09/24 12:34:19.343,0.9286118734622144
2026/09/24 12:34:29.360,0.9259052355008788
2026/09/24 12:34:39.343,0.9268585905096661
2026/09/24 12:34:49.343,0.9267508717047452
2026/09/24 12:34:59.343,0.9265161335676627
2026/09/24 12:35:09.343,0.925033509666081
2026/09/24 12:35:19.343,0.9247538681898066
2026/09/24 12:35:29.343,0.9249972021089631
2026/09/24 12:35:39.343,0.9244340509666082
2026/09/24 12:35:49.360,0.9256244428822497
2026/09/24 12:35:59.343,0.9243630193321617
2026/09/24 12:36:09.343,0.9250810439367311
2026/09/24 12:36:19.343,0.9253178277680142
2026/09/24 12:36:29.343,0.9243981810193324
2026/09/24 12:36:39.350,0.92547018629174
2026/09/24 12:36:49.367,0.9239877205623902
2026/09/24 12:36:59.350,0.9229843796133569
2026/09/24 12:37:09.350,0.9239275975395431
2026/09/24 12:37:19.350,0.924266869947276
2026/09/24 12:37:29.350,0.9248706344463973
2026/09/24 12:37:39.350,0.9251977486818982
2026/09/24 12:37:49.350,0.9225364217926187
2026/09/24 12:37:59.350,0.9223734358523726
2026/09/24 12:38:09.350,0.9235616590509667
2026/09/24 12:38:19.350,0.9216782390158172
2026/09/24 12:38:29.350,0.9237039261862918
2026/09/24 12:38:39.350,0.9217602688927945
2026/09/24 12:38:49.350,0.9234330369068542
2026/09/24 12:38:59.350,0.9211149859402462
2026/09/24 12:39:09.350,0.9213129279437612
2026/09/24 12:39:19.350,0.9213004762741653
2026/09/24 12:39:29.350,0.9215005782073815
2026/09/24 12:39:39.350,0.9205590070298771
2026/09/24 12:39:49.367,0.9211950333919157
2026/09/24 12:39:59.350,0.9204526028119508
2026/09/24 12:40:09.367,0.9235386098418279
2026/09/24 12:40:19.350,0.9195364499121266
2026/09/24 12:40:29.350,0.9207597820738138
2026/09/24 12:40:39.350,0.9205361335676626
2026/09/24 12:40:49.350,0.9182523936731107
2026/09/24 12:40:59.350,0.9205827609841829
2026/09/24 12:41:09.350,0.9205814253075573
2026/09/24 12:41:19.350,0.919346107205624
2026/09/24 12:41:29.350,0.9192525325131811
2026/09/24 12:41:39.367,0.9206634112478033
2026/09/24 12:41:49.350,0.918626460456942
2026/09/24 12:41:59.367,0.9186994850615116
2026/09/24 12:42:09.350,0.9202992073813709
2026/09/24 12:42:19.350,0.9181961564147628
2026/09/24 12:42:29.367,0.9199362056239017
2026/09/24 12:42:39.350,0.9198287943760985
2026/09/24 12:42:49.350,0.9193944323374341
2026/09/24 12:42:59.350,0.9182507170474518
2026/09/24 12:43:09.350,0.9188412337434095
2026/09/24 12:43:19.350,0.918063402460457
2026/09/24 12:43:29.350,0.9197595237258348
2026/09/24 12:43:39.350,0.9209602108963094
2026/09/24 12:43:49.350,0.9187099841827769
2026/09/24 12:43:59.350,0.9188172741652022
2026/09/24 12:44:09.350,0.9175673866432338
2026/09/24 12:44:19.350,0.9190307275922672
2026/09/24 12:44:29.350,0.918203207381371
2026/09/24 12:44:39.350,0.9154968664323375
2026/09/24 12:44:49.350,0.9180978471001758
2026/09/24 12:44:59.350,0.918476100175747
2026/09/24 12:45:09.350,0.9163809806678385
2026/09/24 12:45:19.350,0.9180877434094904
2026/09/24 12:45:29.367,0.9174872548330405
2026/09/24 12:45:39.350,0.91641627943761
2026/09/24 12:45:49.350,0.9183109841827769
2026/09/24 12:45:59.350,0.9173896766256592
2026/09/24 12:46:09.350,0.9180155606326891
2026/09/24 12:46:19.350,0.917614934973638
2026/09/24 12:46:29.350,0.9172749297012303
2026/09/24 12:46:39.350,0.9171799894551845
2026/09/24 12:46:49.350,0.9171778611599298
2026/09/24 12:46:59.350,0.9171423409490335
2026/09/24 12:47:09.350,0.9174265360281196
2026/09/24 12:47:19.350,0.917061358523726
2026/09/24 12:47:29.350,0.9172148453427065
2026/09/24 12:47:39.350,0.9171925043936732
2026/09/24 12:47:49.350,0.9164504516695959
2026/09/24 12:47:59.350,0.9160269718804921
2026/09/24 12:48:09.333,0.9177066889279437
2026/09/24 12:48:19.333,0.9147178875219684
2026/09/24 12:48:29.333,0.9153313760984183
2026/09/24 12:48:39.333,0.9150119859402462
2026/09/24 12:48:49.333,0.9158614868189807
2026/09/24 12:48:59.350,0.9164020087873463
2026/09/24 12:49:09.333,0.9149997627416521
2026/09/24 12:49:19.333,0.9173213145869948
2026/09/24 12:49:29.333,0.9178135992970123
2026/09/24 12:49:39.333,0.9161561458699473
2026/09/24 12:49:49.333,0.9146973093145871
2026/09/24 12:49:59.333,0.9146589384885765
2026/09/24 12:50:09.333,0.9148495342706504
2026/09/24 12:50:19.333,0.9135308523725836
2026/09/24 12:50:29.333,0.9155560632688928
2026/09/24 12:50:39.333,0.9145294622144113
2026/09/24 12:50:49.333,0.914674221441125
2026/09/24 12:50:59.333,0.9148276168717048
2026/09/24 12:51:09.333,0.9150957434094904
2026/09/24 12:51:19.333,0.9153667715289984
2026/09/24 12:51:29.333,0.9155189718804921
2026/09/24 12:51:39.350,0.9147659173989455
2026/09/24 12:51:49.333,0.9150720000000001
2026/09/24 12:51:59.333,0.9136821915641476
2026/09/24 12:52:09.333,0.91374067486819
2026/09/24 12:52:19.333,0.9143810052724078
2026/09/24 12:52:29.333,0.9125993304042179
2026/09/24 12:52:39.350,0.9155545799648507
2026/09/24 12:52:49.333,0.9148698787346223
2026/09/24 12:52:59.333,0.9133639929701232
2026/09/24 12:53:09.333,0.9139555166959579
2026/09/24 12:53:19.333,0.914284316344464
2026/09/24 12:53:29.333,0.9142019859402462
2026/09/24 12:53:39.333,0.9140474182776802
2026/09/24 12:53:49.333,0.9128928137082603
2026/09/24 12:53:59.371,0.9133065026362039
2026/09/24 12:54:09.355,0.9124940509666083
2026/09/24 12:54:19.355,0.9131059191564149
2026/09/24 12:54:29.355,0.9129983391915643
2026/09/24 12:54:39.355,0.9118105131810194
2026/09/24 12:54:49.355,0.9136728506151143
2026/09/24 12:54:59.371,0.912293381370826
2026/09/24 12:55:09.355,0.9132007311072057
2026/09/24 12:55:19.355,0.912434381370826
2026/09/24 12:55:29.355,0.9124688189806678
2026/09/24 12:55:39.371,0.9135793093145871
2026/09/24 12:55:49.355,0.9107184622144113
2026/09/24 12:55:59.355,0.9144723128295255
2026/09/24 12:56:09.355,0.9130105448154658
2026/09/24 12:56:19.355,0.9117051195079087
2026/09/24 12:56:29.355,0.9107047609841827
2026/09/24 12:56:39.355,0.9123983989455186
2026/09/24 12:56:49.355,0.9131762829525484
2026/09/24 12:56:59.355,0.9111750966608086
2026/09/24 12:57:09.355,0.9118232126537786
2026/09/24 12:57:19.355,0.9102808154657294
2026/09/24 12:57:29.371,0.9111745659050966
2026/09/24 12:57:39.355,0.9131192706502638
2026/09/24 12:57:49.355,0.910126704745167
2026/09/24 12:57:59.355,0.9108808822495608
2026/09/24 12:58:09.355,0.9094327135325132
2026/09/24 12:58:19.355,0.912314718804921
2026/09/24 12:58:29.355,0.9109622144112478
2026/09/24 12:58:39.355,0.9116351599297012
2026/09/24 12:58:49.371,0.9107165852372583
2026/09/24 12:58:59.355,0.9093271001757469
2026/09/24 12:59:09.355,0.9109658066783832
2026/09/24 12:59:19.371,0.90947739543058
2026/09/24 12:59:29.355,0.9088194551845343
2026/09/24 12:59:39.355,0.9103041757469245
2026/09/24 12:59:49.355,0.9092700527240773
2026/09/24 12:59:59.355,0.9080913936731108
2026/09/24 13:00:09.371,0.9100931353251318
2026/09/24 13:00:19.355,0.9094315518453429
2026/09/24 13:00:29.355,0.9094547539543059
2026/09/24 13:00:39.371,0.910328818980668
2026/09/24 13:00:49.355,0.910386360281195
2026/09/24 13:00:59.355,0.909008265377856
2026/09/24 13:01:09.355,0.9089711159929701
2026/09/24 13:01:19.355,0.9102928646748683
2026/09/24 13:01:29.355,0.9096439718804921
2026/09/24 13:01:39.355,0.9098800263620387
2026/09/24 13:01:49.355,0.9086899279437611
2026/09/24 13:01:59.371,0.9084085413005273
2026/09/24 13:02:09.355,0.9087843339191564
2026/09/24 13:02:19.355,0.9080552460456942
2026/09/24 13:02:29.355,0.9097396731107206
2026/09/24 13:02:39.355,0.9077127785588752
2026/09/24 13:02:49.355,0.9087007803163445
2026/09/24 13:02:59.355,0.9088803339191566
2026/09/24 13:03:09.355,0.9070418014059755
2026/09/24 13:03:19.355,0.9074074428822495
2026/09/24 13:03:29.355,0.9095026520210897
2026/09/24 13:03:39.355,0.9077377100175748
2026/09/24 13:03:49.355,0.9101181036906855
2026/09/24 13:03:59.355,0.909339776801406
2026/09/24 13:04:09.355,0.9069463005272408
2026/09/24 13:04:19.355,0.9085242460456943
2026/09/24 13:04:29.355,0.908548293497364
2026/09/24 13:04:39.355,0.9077365694200351
2026/09/24 13:04:49.355,0.9066415254833041
2026/09/24 13:04:59.355,0.9085736256590511
2026/09/24 13:05:09.355,0.9074065869947278
2026/09/24 13:05:19.355,0.9066549753954306
2026/09/24 13:05:29.355,0.9060179173989457
2026/09/24 13:05:39.355,0.9054658435852373
2026/09/24 13:05:49.371,0.9074662653778559
2026/09/24 13:05:59.355,0.9069259789103692
2026/09/24 13:06:09.355,0.9062634393673111
2026/09/24 13:06:19.355,0.9071712021089631
2026/09/24 13:06:29.355,0.9072558471001757
2026/09/24 13:06:39.355,0.9065593725834798
2026/09/24 13:06:49.355,0.9063247100175748
2026/09/24 13:06:59.355,0.907373681898067
2026/09/24 13:07:09.371,0.9062634077328648
2026/09/24 13:07:19.355,0.9079020158172233
2026/09/24 13:07:29.355,0.9049938734622145
2026/09/24 13:07:39.355,0.9069717539543058
2026/09/24 13:07:49.355,0.906829437609842
2026/09/24 13:07:59.355,0.9050760087873462
2026/09/24 13:08:09.355,0.9061708435852375
2026/09/24 13:08:19.355,0.9057482179261864
2026/09/24 13:08:29.355,0.9054542688927945
2026/09/24 13:08:39.355,0.9060409613356767
2026/09/24 13:08:49.355,0.9056872460456942
2026/09/24 13:08:59.355,0.9063009455184535
2026/09/24 13:09:09.355,0.9066295289982426
2026/09/24 13:09:19.355,0.9038635641476275
2026/09/24 13:09:29.355,0.9061574938488578
2026/09/24 13:09:39.355,0.9041688681898067
2026/09/24 13:09:49.355,0.9067698260105448
2026/09/24 13:09:59.355,0.9060177293497366
2026/09/24 13:10:09.355,0.9049581107205624
2026/09/24 13:10:19.355,0.904427725834798
2026/09/24 13:10:29.355,0.9037557416520212
2026/09/24 13:10:39.355,0.9059105641476274
2026/09/24 13:10:49.355,0.9043462530755713
2026/09/24 13:10:59.355,0.9060773057996486
2026/09/24 13:11:09.374,0.9037230984182777
2026/09/24 13:11:19.374,0.9044527486818981
2026/09/24 13:11:29.374,0.9038637398945519
2026/09/24 13:11:39.374,0.9054527609841828
2026/09/24 13:11:49.374,0.9058292108963093
2026/09/24 13:11:59.374,0.9044058242530756
2026/09/24 13:12:09.391,0.90408688400703
2026/09/24 13:12:19.374,0.905323416520211
2026/09/24 13:12:29.374,0.9033792671353251
2026/09/24 13:12:39.374,0.9019902653778559
2026/09/24 13:12:49.374,0.9049942337434096
2026/09/24 13:12:59.374,0.9029466502636204
2026/09/24 13:13:09.374,0.9049361019332163
2026/09/24 13:13:19.374,0.9047342144112479
2026/09/24 13:13:29.374,0.9042056731107206
2026/09/24 13:13:39.374,0.903709660808436
2026/09/24 13:13:49.374,0.9034620263620388
2026/09/24 13:13:59.374,0.9053937609841829
2026/09/24 13:14:09.374,0.9053599947275924
2026/09/24 13:14:19.374,0.9038635817223198
2026/09/24 13:14:29.374,0.9049941036906856
2026/09/24 13:14:39.374,0.903840430579965
2026/09/24 13:14:49.374,0.9041569402460458
2026/09/24 13:14:59.374,0.9042974885764501
2026/09/24 13:15:09.374,0.9053247029876978
2026/09/24 13:15:19.374,0.9051240808435854
2026/09/24 13:15:29.374,0.9046869244288225
2026/09/24 13:15:39.374,0.9043221669595782
2026/09/24 13:15:49.374,0.9027326731107207
2026/09/24 13:15:59.374,0.9023569718804921
2026/09/24 13:16:09.374,0.9038034692442883
2026/09/24 13:16:19.391,0.9038627486818982
2026/09/24 13:16:29.374,0.9030160755711776
2026/09/24 13:16:39.374,0.9035803708260105
2026/09/24 13:16:49.374,0.9025329068541302
2026/09/24 13:16:59.374,0.904357258347979
2026/09/24 13:17:09.374,0.9038407451669598
2026/09/24 13:17:19.374,0.903686992970123
2026/09/24 13:17:29.374,0.9049464147627417
2026/09/24 13:17:39.374,0.9033801845342706
2026/09/24 13:17:49.374,0.9033330175746924
2026/09/24 13:17:59.374,0.9028985571177505
2026/09/24 13:18:09.374,0.9045352829525484
2026/09/24 13:18:19.391,0.9056287873462214
2026/09/24 13:18:29.374,0.9025802390158173
2026/09/24 13:18:39.374,0.904418258347979
2026/09/24 13:18:49.374,0.9029102091388401
2026/09/24 13:18:59.374,0.9023820949033392
2026/09/24 13:19:09.374,0.9039002706502637
2026/09/24 13:19:19.374,0.9056653673110722
2026/09/24 13:19:29.374,0.9013561107205625
2026/09/24 13:19:39.374,0.9037221687170476
2026/09/24 13:19:49.391,0.9036277768014062
2026/09/24 13:19:59.391,0.9036761405975396
2026/09/24 13:20:09.374,0.9040038541300528
2026/09/24 13:20:19.374,0.9017679437609842
2026/09/24 13:20:29.374,0.9039930193321618
2026/09/24 13:20:39.374,0.9034036994727594
2026/09/24 13:20:49.374,0.9030153655536028
2026/09/24 13:20:59.374,0.9022264411247803
2026/09/24 13:21:09.374,0.9024383427065028
2026/09/24 13:21:19.374,0.9025905254833041
2026/09/24 13:21:29.374,0.9009429648506152
2026/09/24 13:21:39.374,0.9023556977152901
2026/09/24 13:21:49.374,0.9034271423550089
2026/09/24 13:21:59.374,0.9033454657293497
2026/09/24 13:22:09.374,0.9034984340949034
2026/09/24 13:22:19.374,0.902333114235501
2026/09/24 13:22:29.391,0.9018509859402462
2026/09/24 13:22:39.391,0.9018272741652021
2026/09/24 13:22:49.374,0.9007792284710018
2026/09/24 13:22:59.374,0.9019561089630932
2026/09/24 13:23:09.374,0.9024158611599298
2026/09/24 13:23:19.391,0.9020244639718805
2026/09/24 13:23:29.374,0.9035097275922672
2026/09/24 13:23:39.374,0.9032284762741652
2026/09/24 13:23:49.374,0.9020480755711776
2026/09/24 13:23:59.374,0.9017791757469246
2026/09/24 13:24:09.374,0.9010728277680141
2026/09/24 13:24:19.374,0.9015683813708261
2026/09/24 13:24:29.374,0.9007419771528998
2026/09/24 13:24:39.374,0.9011212144112479
2026/09/24 13:24:49.391,0.9002119015817224
2026/09/24 13:24:59.374,0.9022860702987697
2026/09/24 13:25:09.374,0.9019200913884008
2026/09/24 13:25:19.374,0.9013465922671353
2026/09/24 13:25:29.374,0.9024391898066784
2026/09/24 13:25:39.374,0.8998596449912126
2026/09/24 13:25:49.374,0.9022740017574693
2026/09/24 13:25:59.374,0.9022740246045695
2026/09/24 13:26:09.374,0.8997300913884009
2026/09/24 13:26:19.391,0.9018514551845342
2026/09/24 13:26:29.374,0.9012131704745167
2026/09/24 13:26:39.374,0.900825826010545
2026/09/24 13:26:49.391,0.9015667996485062
2026/09/24 13:26:59.391,0.901638481546573
2026/09/24 13:27:09.374,0.8997425430579966
2026/09/24 13:27:19.374,0.9033221107205626
2026/09/24 13:27:29.391,0.8994354182776801
2026/09/24 13:27:39.374,0.9007294481546573
2026/09/24 13:27:49.391,0.9021674551845343
2026/09/24 13:27:59.374,0.9000018963093146
2026/09/24 13:28:09.374,0.9026040052724079
2026/09/24 13:28:19.394,0.8991418260105448
2026/09/24 13:28:29.410,0.9022022917398947
2026/09/24 13:28:39.394,0.8999193479789104
2026/09/24 13:28:49.394,0.901261344463972
2026/09/24 13:28:59.394,0.900638344463972
2026/09/24 13:29:09.410,0.9004607557117751
2026/09/24 13:29:19.394,0.9013194903339192
2026/09/24 13:29:29.394,0.9009446502636204
2026/09/24 13:29:39.394,0.8985750808435854
2026/09/24 13:29:49.394,0.8987419384885765
2026/09/24 13:29:59.394,0.9006265518453428
2026/09/24 13:30:09.410,0.9004261845342707
2026/09/24 13:30:19.394,0.8986847873462215
2026/09/24 13:30:29.394,0.8981636731107205
2026/09/24 13:30:39.394,0.9017899191564148
2026/09/24 13:30:49.410,0.9006262003514939
2026/09/24 13:30:59.394,0.9008738646748683
2026/09/24 13:31:09.394,0.8991537065026364
2026/09/24 13:31:19.394,0.9001208506151143
2026/09/24 13:31:29.394,0.898635035149385
2026/09/24 13:31:39.394,0.898977660808436
2026/09/24 13:31:49.394,0.8974821581722321
2026/09/24 13:31:59.394,0.9003438330404219
2026/09/24 13:32:09.394,0.9011680615114236
2026/09/24 13:32:19.394,0.8992015430579966
2026/09/24 13:32:29.410,0.9001085096660809
2026/09/24 13:32:39.394,0.8975294059753954
2026/09/24 13:32:49.394,0.8999891739894553
2026/09/24 13:32:59.394,0.8992478066783832
2026/09/24 13:33:09.394,0.8981516168717047
2026/09/24 13:33:19.394,0.8988459543057997
2026/09/24 13:33:29.410,0.8996264481546573
2026/09/24 13:33:39.394,0.8999418840070299
2026/09/24 13:33:49.394,0.8980682056239017
2026/09/24 13:33:59.394,0.89942437258348
2026/09/24 13:34:09.394,0.8990851687170475
2026/09/24 13:34:19.410,0.8983382267135327
2026/09/24 13:34:29.394,0.8976356010544816
2026/09/24 13:34:39.394,0.8981288980667839
2026/09/24 13:34:49.394,0.899574913884007
2026/09/24 13:34:59.394,0.8980221265377857
2026/09/24 13:35:09.394,0.8984700000000001
2026/09/24 13:35:19.394,0.8984376942003517
2026/09/24 13:35:29.394,0.8976463181019333
2026/09/24 13:35:39.394,0.8980239244288226
2026/09/24 13:35:49.394,0.8988825887521968
2026/09/24 13:35:59.394,0.8995297627416522
2026/09/24 13:36:09.394,0.8982245992970124
2026/09/24 13:36:19.410,0.8980466924428823
2026/09/24 13:36:29.394,0.8990944446397189
2026/09/24 13:36:39.394,0.8985305307557118
2026/09/24 13:36:49.410,0.8965509297012302
2026/09/24 13:36:59.394,0.8974100544815468
2026/09/24 13:37:09.394,0.898341553602812
2026/09/24 13:37:19.394,0.8981057381370826
2026/09/24 13:37:29.394,0.8996837275922671
2026/09/24 13:37:39.394,0.8970800685413006
2026/09/24 13:37:49.394,0.8969291599297013
2026/09/24 13:37:59.394,0.8992480843585239
2026/09/24 13:38:09.394,0.8969637539543058
2026/09/24 13:38:19.394,0.8976122829525484
2026/09/24 13:38:29.394,0.8983417486818982
2026/09/24 13:38:39.394,0.8970335940246046
2026/09/24 13:38:49.394,0.8996605694200352
2026/09/24 13:38:59.394,0.8972812161687171
2026/09/24 13:39:09.394,0.8978225940246047
2026/09/24 13:39:19.394,0.898682100175747
2026/09/24 13:39:29.394,0.8989306608084359
2026/09/24 13:39:39.394,0.8959504622144112
2026/09/24 13:39:49.394,0.8973515500878736
2026/09/24 13:39:59.394,0.8983542671353252
2026/09/24 13:40:09.394,0.8973292987697716
2026/09/24 13:40:19.394,0.896610495606327
2026/09/24 13:40:29.394,0.8978476168717048
2026/09/24 13:40:39.394,0.8965868541300528
2026/09/24 13:40:49.394,0.8962451792618631
2026/09/24 13:40:59.394,0.8982239507908611
2026/09/24 13:41:09.394,0.8952677891036906
2026/09/24 13:41:19.394,0.8963516397188049
2026/09/24 13:41:29.394,0.89642148857645
2026/09/24 13:41:39.394,0.8985407680140598
2026/09/24 13:41:49.394,0.8964580949033394
2026/09/24 13:41:59.394,0.8964464340949034
2026/09/24 13:42:09.410,0.8961521985940247
2026/09/24 13:42:19.394,0.896821251318102
2026/09/24 13:42:29.410,0.8977964762741653
2026/09/24 13:42:39.394,0.8949033813708261
2026/09/24 13:42:49.394,0.8950680298769771
2026/09/24 13:42:59.410,0.8948911687170475
2026/09/24 13:43:09.394,0.894584388400703
2026/09/24 13:43:19.394,0.8957980615114235
2026/09/24 13:43:29.394,0.8961406678383129
2026/09/24 13:43:39.394,0.8958227996485062
2026/09/24 13:43:49.394,0.8945035623901582
2026/09/24 13:43:59.394,0.8942321335676625
2026/09/24 13:44:09.394,0.8963520492091389
2026/09/24 13:44:19.394,0.8954337820738137
2026/09/24 13:44:29.394,0.8957404323374342
2026/09/24 13:44:39.394,0.8967147732864675
2026/09/24 13:44:49.394,0.895360797891037
2026/09/24 13:44:59.394,0.8951857539543059
2026/09/24 13:45:09.394,0.8974217029876979
2026/09/24 13:45:19.394,0.8937139701230229
2026/09/24 13:45:29.415,0.8953393391915643
2026/09/24 13:45:39.415,0.8946428664323376
2026/09/24 13:45:49.398,0.8965403251318103
2026/09/24 13:45:59.415,0.8941377715289984
2026/09/24 13:46:09.398,0.8949743093145871
2026/09/24 13:46:19.398,0.8964344516695959
2026/09/24 13:46:20.398,0.8958197908611599
2026/09/24 13:46:20.637,0.8958197908611599
